product_id,product_name,category,segment,size,color,price,cogs,gross_profit,margin_rate
536,SaigonFlex UC-01,Streetwear,Everyday,S,green,11059.65,9704.84,1354.81,0.1225
537,SaigonFlex UC-02,Streetwear,Everyday,M,silver,9523.08,5393.87,4129.21,0.4336
538,SaigonFlex UC-03,Streetwear,Everyday,L,pink,15951.63,11371.92,4579.71,0.2871
539,SaigonFlex UC-04,Streetwear,Everyday,XL,yellow,15753.72,8573.17,7180.55,0.4558
540,SaigonFlex UC-05,Streetwear,Everyday,S,red,15766.33,14063.57,1702.76,0.108
541,SaigonFlex UC-06,Streetwear,Everyday,M,black,16095.85,15291.06,804.79,0.05
542,SaigonFlex UC-07,Streetwear,Everyday,L,orange,9213.82,6152.07,3061.75,0.3323
543,SaigonFlex UC-08,Streetwear,Everyday,XL,blue,40.39,22.49,17.9,0.4432
544,SaigonFlex UC-09,Streetwear,Everyday,S,white,11334.11,8528.92,2805.19,0.2475
545,SaigonFlex UC-10,Streetwear,Everyday,M,purple,10045.68,9091.34,954.34,0.095
546,SaigonFlex UC-11,Streetwear,Everyday,L,green,16066.12,13338.09,2728.03,0.1698
547,SaigonFlex UC-12,Streetwear,Everyday,XL,silver,6544.42,4298.38,2246.04,0.3432
548,SaigonFlex UC-13,Streetwear,Everyday,S,pink,6163.41,4883.89,1279.52,0.2076
549,SaigonFlex UC-14,Streetwear,Everyday,M,yellow,6655.75,5205.46,1450.29,0.2179
550,SaigonFlex UC-15,Streetwear,Everyday,L,red,5184.62,3404.74,1779.88,0.3433
551,SaigonFlex UC-16,Streetwear,Everyday,XL,black,11245.41,10683.14,562.27,0.05
552,SaigonFlex UC-17,Streetwear,Everyday,S,orange,11588.85,11009.41,579.44,0.05
553,SaigonFlex UC-18,Streetwear,Everyday,M,blue,11516.62,9748.82,1767.8,0.1535
554,SaigonFlex UC-19,Streetwear,Everyday,L,white,10501.45,6426.89,4074.56,0.388
555,SaigonFlex UC-20,Streetwear,Everyday,XL,purple,10520.48,9994.46,526.02,0.05
556,SaigonFlex UC-21,Streetwear,Everyday,S,green,10268.64,9686.41,582.23,0.0567
557,SaigonFlex UC-22,Streetwear,Everyday,M,silver,10090.44,7554.71,2535.73,0.2513
558,SaigonFlex UC-23,Streetwear,Everyday,L,pink,18269.37,14094.82,4174.55,0.2285
559,SaigonFlex UC-24,Streetwear,Everyday,XL,yellow,7658.99,6569.11,1089.88,0.1423
560,SaigonFlex UC-25,Streetwear,Everyday,S,red,8428.27,7354.51,1073.76,0.1274
561,SaigonFlex UC-26,Streetwear,Everyday,M,black,8951.67,7753.94,1197.73,0.1338
562,SaigonFlex UC-27,Streetwear,Everyday,L,orange,11109.75,10554.26,555.49,0.05
563,SaigonFlex UC-28,Streetwear,Everyday,XL,blue,9445.09,8972.84,472.25,0.05
564,SaigonFlex UC-29,Streetwear,Everyday,S,white,11503.8,7876.65,3627.15,0.3153
565,SaigonFlex UC-30,Streetwear,Everyday,M,purple,10752.79,9051.7,1701.09,0.1582
566,SaigonFlex UC-31,Streetwear,Everyday,L,green,11783.94,9612.16,2171.78,0.1843
567,SaigonFlex UC-32,Streetwear,Everyday,XL,silver,10134.78,8711.85,1422.93,0.1404
568,SaigonFlex UC-33,Streetwear,Everyday,S,pink,10532.7,7628.83,2903.87,0.2757
569,SaigonFlex UC-34,Streetwear,Everyday,M,yellow,12601.62,11971.54,630.08,0.05
570,SaigonFlex UC-35,Streetwear,Everyday,L,red,6934.76,6364.03,570.73,0.0823
571,SaigonFlex UC-36,Streetwear,Everyday,XL,black,6325.2,6008.94,316.26,0.05
572,SaigonFlex UC-37,Streetwear,Everyday,S,orange,5428.18,5156.77,271.41,0.05
573,SaigonFlex UC-38,Streetwear,Everyday,M,blue,3743.69,2813.76,929.93,0.2484
574,SaigonFlex UC-39,Streetwear,Everyday,L,white,10912.66,10134.59,778.07,0.0713
575,SaigonFlex UC-40,Streetwear,Everyday,XL,purple,11157.96,10600.06,557.9,0.05
576,SaigonFlex UC-41,Streetwear,Everyday,S,green,18775.84,12572.3,6203.54,0.3304
577,SaigonFlex UC-42,Streetwear,Everyday,M,silver,12288.26,9234.63,3053.63,0.2485
578,SaigonFlex UC-43,Streetwear,Everyday,L,pink,9414.21,6648.32,2765.89,0.2938
579,SaigonFlex UC-44,Streetwear,Everyday,XL,yellow,15941.11,14039.33,1901.78,0.1193
580,SaigonFlex UC-45,Streetwear,Everyday,S,red,9901.55,9406.47,495.08,0.05
581,SaigonFlex UC-46,Streetwear,Everyday,M,black,16696.35,14125.11,2571.24,0.154
582,SaigonFlex UC-47,Streetwear,Everyday,L,orange,4283.7,3193.5,1090.2,0.2545
583,SaigonFlex UC-48,Streetwear,Everyday,XL,blue,6610.57,4418.51,2192.06,0.3316
584,SaigonFlex UC-49,Streetwear,Everyday,S,white,7436.31,4666.29,2770.02,0.3725
585,SaigonFlex UC-50,Streetwear,Everyday,M,purple,5044.25,4792.04,252.21,0.05
586,SaigonFlex UC-51,Streetwear,Everyday,L,green,4552.69,4325.05,227.64,0.05
587,SaigonFlex UC-52,Streetwear,Everyday,XL,silver,31.33,19.58,11.75,0.375
588,SaigonFlex UC-53,Streetwear,Everyday,S,pink,7437.17,6317.87,1119.3,0.1505
589,SaigonFlex UC-54,Streetwear,Everyday,M,yellow,10207.29,7250.24,2957.05,0.2897
590,SaigonFlex UC-55,Streetwear,Everyday,L,red,10658.33,10125.42,532.91,0.05
591,SaigonFlex UC-56,Streetwear,Everyday,XL,black,11048.62,10496.19,552.43,0.05
592,SaigonFlex UC-57,Streetwear,Everyday,S,orange,11573.64,7346.95,4226.69,0.3652
593,SaigonFlex UC-58,Streetwear,Everyday,M,blue,10942.19,8946.34,1995.85,0.1824
594,SaigonFlex UC-59,Streetwear,Everyday,L,white,42.91,24.5,18.41,0.429
595,SaigonFlex UC-60,Streetwear,Everyday,XL,purple,8975.73,5284.91,3690.82,0.4112
596,SaigonFlex UC-61,Streetwear,Everyday,S,green,9577.15,5842.06,3735.09,0.39
597,SaigonFlex UC-62,Streetwear,Everyday,M,silver,60.9,38.96,21.94,0.3603
598,SaigonFlex UC-63,Streetwear,Everyday,L,pink,11489.45,7924.28,3565.17,0.3103
599,SaigonFlex UC-64,Streetwear,Everyday,XL,yellow,10648.86,10116.41,532.45,0.05
600,SaigonFlex UC-65,Streetwear,Everyday,S,red,9148.35,4647.36,4500.99,0.492
601,SaigonFlex UC-66,Streetwear,Everyday,M,black,15754.5,14966.77,787.73,0.05
602,SaigonFlex UC-67,Streetwear,Everyday,L,orange,15756.27,11752.6,4003.67,0.2541
603,SaigonFlex UC-68,Streetwear,Everyday,XL,blue,11026.34,8163.9,2862.44,0.2596
604,SaigonFlex UC-69,Streetwear,Everyday,S,white,6135.3,4141.94,1993.36,0.3249
605,SaigonFlex UC-70,Streetwear,Everyday,M,purple,4940.96,3748.21,1192.75,0.2414
606,SaigonFlex UC-71,Streetwear,Everyday,L,green,4042.85,3552.46,490.39,0.1213
607,SaigonFlex UC-72,Streetwear,Everyday,XL,silver,11408.04,7676.47,3731.57,0.3271
608,SaigonFlex UC-73,Streetwear,Everyday,S,pink,11699.1,11114.14,584.96,0.05
609,SaigonFlex UC-74,Streetwear,Everyday,M,yellow,10426.57,8987.7,1438.87,0.138
610,SaigonFlex UC-75,Streetwear,Everyday,L,red,11122.51,9587.6,1534.91,0.138
611,SaigonFlex UC-76,Streetwear,Everyday,XL,black,17959.96,12395.96,5564.0,0.3098
612,SaigonFlex UC-77,Streetwear,Everyday,S,orange,11727.45,7625.19,4102.26,0.3498
613,SaigonFlex UC-78,Streetwear,Everyday,M,blue,30.15,17.2,12.95,0.4295
614,SaigonFlex UC-79,Streetwear,Everyday,L,white,8263.49,6609.14,1654.35,0.2002
615,SaigonFlex UC-80,Streetwear,Everyday,XL,purple,8328.97,4873.28,3455.69,0.4149
616,SaigonFlex UC-81,Streetwear,Everyday,S,green,8545.56,7898.66,646.9,0.0757
617,SaigonFlex UC-82,Streetwear,Everyday,M,silver,10151.26,6680.55,3470.71,0.3419
618,SaigonFlex UC-83,Streetwear,Everyday,L,pink,14262.41,13549.29,713.12,0.05
619,SaigonFlex UC-84,Streetwear,Everyday,XL,yellow,11336.85,6509.62,4827.23,0.4258
620,SaigonFlex UC-85,Streetwear,Everyday,S,red,30.15,17.16,12.99,0.4308
621,SaigonFlex UC-86,Streetwear,Everyday,M,black,62.28,34.48,27.8,0.4464
622,SaigonFlex UC-87,Streetwear,Everyday,L,orange,9946.84,7374.59,2572.25,0.2586
623,SaigonFlex UC-88,Streetwear,Everyday,XL,blue,17011.96,9844.82,7167.14,0.4213
624,SaigonFlex UC-89,Streetwear,Everyday,S,white,45.01,26.88,18.13,0.4028
625,SaigonFlex UC-90,Streetwear,Everyday,M,purple,16075.5,8733.82,7341.68,0.4567
626,SaigonFlex UC-91,Streetwear,Everyday,L,green,17013.9,16163.2,850.7,0.05
627,SaigonFlex UC-92,Streetwear,Everyday,XL,silver,11006.55,7708.99,3297.56,0.2996
628,SaigonFlex UC-93,Streetwear,Everyday,S,pink,11516.4,9278.76,2237.64,0.1943
629,SaigonFlex UC-94,Streetwear,Everyday,M,yellow,9968.7,9470.26,498.44,0.05
630,SaigonFlex UC-95,Streetwear,Everyday,L,red,6176.85,3866.09,2310.76,0.3741
631,SaigonFlex UC-96,Streetwear,Everyday,XL,black,4677.02,4443.17,233.85,0.05
632,SaigonFlex UC-97,Streetwear,Everyday,S,orange,4844.7,2618.08,2226.62,0.4596
633,SaigonFlex UC-98,Streetwear,Everyday,M,blue,6803.8,3769.31,3034.49,0.446
634,SaigonFlex UC-99,Streetwear,Everyday,L,white,10788.27,6005.83,4782.44,0.4433
635,SaigonFlex UC-00,Streetwear,Everyday,XL,purple,10745.22,9205.43,1539.79,0.1433
636,SaigonFlex UC-01,Streetwear,Everyday,S,green,10892.0,9183.04,1708.96,0.1569
637,SaigonFlex UC-02,Streetwear,Everyday,M,silver,10938.36,8362.37,2575.99,0.2355
638,SaigonFlex UC-03,Streetwear,Everyday,L,pink,12105.45,11500.18,605.27,0.05
639,SaigonFlex UC-04,Streetwear,Everyday,XL,yellow,10586.43,10057.11,529.32,0.05
640,SaigonFlex UC-05,Streetwear,Everyday,S,red,9757.34,9269.48,487.86,0.05
641,SaigonFlex UC-06,Streetwear,Everyday,M,black,9957.78,8252.01,1705.77,0.1713
642,SaigonFlex UC-07,Streetwear,Everyday,L,orange,10862.12,7602.4,3259.72,0.3001
643,SaigonFlex UC-08,Streetwear,Everyday,XL,blue,13917.75,9639.43,4278.32,0.3074
644,SaigonFlex UC-09,Streetwear,Everyday,S,white,10607.75,8623.04,1984.71,0.1871
645,SaigonFlex UC-10,Streetwear,Everyday,M,purple,8950.1,8502.59,447.51,0.05
646,SaigonFlex UC-11,Streetwear,Everyday,L,green,11258.1,8881.52,2376.58,0.2111
647,SaigonFlex UC-12,Streetwear,Everyday,XL,silver,11033.91,6038.86,4995.05,0.4527
648,SaigonFlex UC-13,Streetwear,Everyday,S,pink,10560.82,10032.78,528.04,0.05
649,SaigonFlex UC-14,Streetwear,Everyday,M,yellow,10084.34,9580.13,504.21,0.05
650,SaigonFlex UC-15,Streetwear,Everyday,L,red,6110.11,5804.6,305.51,0.05
651,SaigonFlex UC-16,Streetwear,Everyday,XL,black,9885.47,5627.8,4257.67,0.4307
652,SaigonFlex UC-17,Streetwear,Everyday,S,orange,9960.63,9462.6,498.03,0.05
653,SaigonFlex UC-18,Streetwear,Everyday,M,blue,10584.53,10055.31,529.22,0.05
654,SaigonFlex UC-19,Streetwear,Everyday,L,white,12297.94,11683.04,614.9,0.05
655,SaigonFlex UC-20,Streetwear,Everyday,XL,purple,11836.94,7837.24,3999.7,0.3379
656,SaigonFlex UC-21,Streetwear,Everyday,S,green,10963.75,8877.35,2086.4,0.1903
657,SaigonFlex UC-22,Streetwear,Everyday,M,silver,11020.21,10469.2,551.01,0.05
658,SaigonFlex UC-23,Streetwear,Everyday,L,pink,11169.79,8112.62,3057.17,0.2737
659,SaigonFlex UC-24,Streetwear,Everyday,XL,yellow,18102.51,10184.47,7918.04,0.4374
660,SaigonFlex UC-25,Streetwear,Everyday,S,red,8500.35,5856.74,2643.61,0.311
661,SaigonFlex UC-26,Streetwear,Everyday,M,black,27.45,16.65,10.8,0.3934
662,SaigonFlex UC-27,Streetwear,Everyday,L,orange,10139.14,5848.26,4290.88,0.4232
663,SaigonFlex UC-28,Streetwear,Everyday,XL,blue,8397.9,7978.0,419.9,0.05
664,SaigonFlex UC-29,Streetwear,Everyday,S,white,41.14,22.9,18.24,0.4434
665,SaigonFlex UC-30,Streetwear,Everyday,M,purple,27.51,17.27,10.24,0.3722
666,SaigonFlex UC-31,Streetwear,Everyday,L,green,9766.92,7154.27,2612.65,0.2675
667,SaigonFlex UC-32,Streetwear,Everyday,XL,silver,9799.4,9309.43,489.97,0.05
668,SaigonFlex UC-33,Streetwear,Everyday,S,pink,16826.67,12741.15,4085.52,0.2428
669,SaigonFlex UC-34,Streetwear,Everyday,M,yellow,16376.85,13867.92,2508.93,0.1532
670,SaigonFlex UC-35,Streetwear,Everyday,L,red,10899.89,10354.89,545.0,0.05
671,SaigonFlex UC-36,Streetwear,Everyday,XL,black,11194.63,7866.46,3328.17,0.2973
672,SaigonFlex UC-37,Streetwear,Everyday,S,orange,11024.43,10473.21,551.22,0.05
673,SaigonFlex UC-38,Streetwear,Everyday,M,blue,27.49,16.36,11.13,0.4049
674,SaigonFlex UC-39,Streetwear,Everyday,L,white,8419.58,6274.27,2145.31,0.2548
675,SaigonFlex UC-40,Streetwear,Everyday,XL,purple,7873.65,5241.49,2632.16,0.3343
676,SaigonFlex UC-41,Streetwear,Everyday,S,green,9891.04,9195.7,695.34,0.0703
677,SaigonFlex UC-42,Streetwear,Everyday,M,silver,36.48,21.98,14.5,0.3975
678,SaigonFlex UC-43,Streetwear,Everyday,L,pink,15.4,9.15,6.25,0.4058
679,SaigonFlex UC-44,Streetwear,Everyday,XL,yellow,16.61,9.8,6.81,0.41
680,SaigonFlex UC-45,Streetwear,Everyday,S,red,26.45,16.03,10.42,0.394
681,SaigonFlex UC-46,Streetwear,Everyday,M,black,8907.55,8272.45,635.1,0.0713
682,SaigonFlex UC-47,Streetwear,Everyday,L,orange,11641.83,11059.74,582.09,0.05
683,SaigonFlex UC-48,Streetwear,Everyday,XL,blue,10477.88,6262.63,4215.25,0.4023
684,SaigonFlex UC-49,Streetwear,Everyday,S,white,10989.14,10439.68,549.46,0.05
685,SaigonFlex UC-50,Streetwear,Everyday,M,purple,10129.73,8328.66,1801.07,0.1778
686,SaigonFlex UC-51,Streetwear,Everyday,L,green,9634.4,5513.76,4120.64,0.4277
687,SaigonFlex UC-52,Streetwear,Everyday,XL,silver,5610.65,4180.5,1430.15,0.2549
688,SaigonFlex UC-53,Streetwear,Everyday,S,pink,6694.9,5116.25,1578.65,0.2358
689,SaigonFlex UC-54,Streetwear,Everyday,M,yellow,4162.63,3842.94,319.69,0.0768
690,SaigonFlex UC-55,Streetwear,Everyday,L,red,4598.82,3100.06,1498.76,0.3259
691,SaigonFlex UC-56,Streetwear,Everyday,XL,black,4663.55,4430.37,233.18,0.05
692,SaigonFlex UC-57,Streetwear,Everyday,S,orange,3023.37,1991.19,1032.18,0.3414
693,SaigonFlex UC-58,Streetwear,Everyday,M,blue,22.08,12.49,9.59,0.4343
189,DragonWear UC-01,Streetwear,Everyday,M,yellow,9513.0,6181.55,3331.45,0.3502
190,DragonWear UC-02,Streetwear,Everyday,L,red,9443.7,7547.41,1896.29,0.2008
191,DragonWear UC-03,Streetwear,Everyday,XL,black,9513.0,9029.74,483.26,0.0508
192,DragonWear UC-04,Streetwear,Everyday,S,orange,37.55,21.34,16.21,0.4317
193,DragonWear UC-05,Streetwear,Everyday,M,blue,9191.7,7248.57,1943.13,0.2114
194,DragonWear UC-06,Streetwear,Everyday,L,white,23.03,14.65,8.38,0.3639
195,DragonWear UC-07,Streetwear,Everyday,XL,purple,9191.7,5645.54,3546.16,0.3858
196,DragonWear UC-08,Streetwear,Everyday,S,green,10073.7,7970.31,2103.39,0.2088
387,LotusWear UC-01,Streetwear,Everyday,XL,silver,11966.85,11368.51,598.34,0.05
388,LotusWear UC-02,Streetwear,Everyday,S,pink,12720.34,12084.33,636.01,0.05
389,LotusWear UC-03,Streetwear,Everyday,M,yellow,11063.06,10102.78,960.28,0.0868
390,LotusWear UC-04,Streetwear,Everyday,L,red,16691.85,12462.14,4229.71,0.2534
391,LotusWear UC-05,Streetwear,Everyday,XL,black,12281.85,7574.22,4707.63,0.3833
938,HanoiStreet UC-01,Streetwear,Everyday,L,pink,18.82,12.13,6.69,0.3555
939,HanoiStreet UC-02,Streetwear,Everyday,XL,yellow,4494.11,4269.4,224.71,0.05
940,HanoiStreet UC-03,Streetwear,Everyday,S,red,8270.44,7856.92,413.52,0.05
941,HanoiStreet UC-04,Streetwear,Everyday,M,black,11339.37,9661.14,1678.23,0.148
942,HanoiStreet UC-05,Streetwear,Everyday,L,orange,7413.81,6891.88,521.93,0.0704
943,HanoiStreet UC-06,Streetwear,Everyday,XL,blue,8063.37,7660.2,403.17,0.05
944,HanoiStreet UC-07,Streetwear,Everyday,S,white,8971.2,4491.88,4479.32,0.4993
945,HanoiStreet UC-08,Streetwear,Everyday,M,purple,8241.39,7829.32,412.07,0.05
946,HanoiStreet UC-09,Streetwear,Everyday,L,green,8360.99,4980.64,3380.35,0.4043
947,HanoiStreet UC-10,Streetwear,Everyday,XL,silver,8472.12,7214.86,1257.26,0.1484
948,HanoiStreet UC-11,Streetwear,Everyday,S,pink,9063.35,5344.66,3718.69,0.4103
949,HanoiStreet UC-12,Streetwear,Everyday,M,yellow,15434.37,14662.65,771.72,0.05
950,HanoiStreet UC-13,Streetwear,Everyday,L,red,17009.37,10601.94,6407.43,0.3767
951,HanoiStreet UC-14,Streetwear,Everyday,XL,black,59.52,34.96,24.56,0.4126
952,HanoiStreet UC-15,Streetwear,Everyday,S,orange,3321.45,3155.37,166.08,0.05
953,HanoiStreet UC-16,Streetwear,Everyday,M,blue,30.26,17.46,12.8,0.423
954,HanoiStreet UC-17,Streetwear,Everyday,L,white,8325.94,7430.9,895.04,0.1075
955,HanoiStreet UC-18,Streetwear,Everyday,XL,purple,9605.66,6085.19,3520.47,0.3665
956,HanoiStreet UC-19,Streetwear,Everyday,S,green,9913.23,9417.57,495.66,0.05
957,HanoiStreet UC-20,Streetwear,Everyday,M,silver,9761.42,6531.36,3230.06,0.3309
958,HanoiStreet UC-21,Streetwear,Everyday,L,pink,8992.78,5238.3,3754.48,0.4175
959,HanoiStreet UC-22,Streetwear,Everyday,XL,yellow,10276.12,6593.16,3682.96,0.3584
960,HanoiStreet UC-23,Streetwear,Everyday,S,red,34.02,20.9,13.12,0.3857
961,HanoiStreet UC-24,Streetwear,Everyday,M,black,18.73,11.07,7.66,0.409
962,HanoiStreet UC-25,Streetwear,Everyday,L,orange,5887.01,5592.66,294.35,0.05
963,HanoiStreet UC-26,Streetwear,Everyday,XL,blue,5122.76,2717.11,2405.65,0.4696
964,HanoiStreet UC-27,Streetwear,Everyday,S,white,3906.51,2223.98,1682.53,0.4307
965,HanoiStreet UC-28,Streetwear,Everyday,M,purple,6039.66,3816.46,2223.2,0.3681
966,HanoiStreet UC-29,Streetwear,Everyday,L,green,5858.24,3333.34,2524.9,0.431
967,HanoiStreet UC-30,Streetwear,Everyday,XL,silver,8161.48,6491.64,1669.84,0.2046
968,HanoiStreet UC-31,Streetwear,Everyday,S,pink,8354.88,7937.13,417.75,0.05
969,HanoiStreet UC-32,Streetwear,Everyday,M,yellow,5039.37,3478.68,1560.69,0.3097
970,HanoiStreet UC-33,Streetwear,Everyday,L,red,26.64,14.72,11.92,0.4474
971,HanoiStreet UC-34,Streetwear,Everyday,XL,black,15434.37,14662.65,771.72,0.05
972,HanoiStreet UC-35,Streetwear,Everyday,S,orange,8000.37,5880.27,2120.1,0.265
973,HanoiStreet UC-36,Streetwear,Everyday,M,blue,7486.73,4697.92,2788.81,0.3725
974,HanoiStreet UC-37,Streetwear,Everyday,L,white,8151.27,6372.66,1778.61,0.2182
975,HanoiStreet UC-38,Streetwear,Everyday,XL,purple,8846.74,8404.4,442.34,0.05
976,HanoiStreet UC-39,Streetwear,Everyday,S,green,3962.16,3764.05,198.11,0.05
977,HanoiStreet UC-40,Streetwear,Everyday,M,silver,5978.2,4912.88,1065.32,0.1782
978,HanoiStreet UC-41,Streetwear,Everyday,L,pink,9462.73,7198.3,2264.43,0.2393
979,HanoiStreet UC-42,Streetwear,Everyday,XL,yellow,4727.33,4490.97,236.36,0.05
980,HanoiStreet UC-43,Streetwear,Everyday,S,red,4989.87,4740.38,249.49,0.05
981,HanoiStreet UC-44,Streetwear,Everyday,M,black,2032.93,1931.28,101.65,0.05
982,HanoiStreet UC-45,Streetwear,Everyday,L,orange,17194.15,15180.71,2013.44,0.1171
983,HanoiStreet UC-46,Streetwear,Everyday,XL,blue,5354.37,5086.65,267.72,0.05
984,HanoiStreet UC-47,Streetwear,Everyday,S,white,34.62,19.58,15.04,0.4344
985,HanoiStreet UC-48,Streetwear,Everyday,M,purple,9262.5,5465.8,3796.7,0.4099
986,HanoiStreet UC-49,Streetwear,Everyday,L,green,4409.37,2725.43,1683.94,0.3819
987,HanoiStreet UC-50,Streetwear,Everyday,XL,silver,20.9,12.99,7.91,0.3785
988,HanoiStreet UC-51,Streetwear,Everyday,S,pink,38.49,23.7,14.79,0.3843
989,HanoiStreet UC-52,Streetwear,Everyday,M,yellow,5262.47,2638.6,2623.87,0.4986
990,HanoiStreet UC-53,Streetwear,Everyday,L,red,5403.09,3895.09,1508.0,0.2791
991,HanoiStreet UC-54,Streetwear,Everyday,XL,black,26.04,14.39,11.65,0.4474
992,HanoiStreet UC-55,Streetwear,Everyday,S,orange,3453.46,2504.79,948.67,0.2747
993,HanoiStreet UC-56,Streetwear,Everyday,M,blue,4262.35,3732.12,530.23,0.1244
994,HanoiStreet UC-57,Streetwear,Everyday,L,white,5821.2,3037.5,2783.7,0.4782
995,HanoiStreet UC-58,Streetwear,Everyday,XL,purple,7071.59,6718.01,353.58,0.05
996,HanoiStreet UC-59,Streetwear,Everyday,S,green,8557.11,6923.55,1633.56,0.1909
997,HanoiStreet UC-60,Streetwear,Everyday,M,silver,9456.75,7530.41,1926.34,0.2037
998,HanoiStreet UC-61,Streetwear,Everyday,L,pink,8613.57,5197.43,3416.14,0.3966
999,HanoiStreet UC-62,Streetwear,Everyday,XL,yellow,9245.03,5388.93,3856.1,0.4171
1029,MekongStyle UC-01,Streetwear,Everyday,M,yellow,14486.85,13762.51,724.34,0.05
1030,MekongStyle UC-02,Streetwear,Everyday,L,red,29.47,16.86,12.61,0.4279
1031,MekongStyle UC-03,Streetwear,Everyday,XL,black,12596.85,11885.13,711.72,0.0565
1032,MekongStyle UC-04,Streetwear,Everyday,S,orange,26.03,14.92,11.11,0.4268
1033,MekongStyle UC-05,Streetwear,Everyday,M,blue,12136.39,8029.44,4106.95,0.3384
1034,MekongStyle UC-06,Streetwear,Everyday,L,white,10885.35,10341.08,544.27,0.05
1035,MekongStyle UC-07,Streetwear,Everyday,XL,purple,14486.85,12723.8,1763.05,0.1217
1036,MekongStyle UC-08,Streetwear,Everyday,S,green,69.47,42.88,26.59,0.3828
1037,MekongStyle UC-09,Streetwear,Everyday,M,silver,17006.85,13571.47,3435.38,0.202
1038,MekongStyle UC-10,Streetwear,Everyday,L,pink,32.94,18.18,14.76,0.4481
1039,MekongStyle UC-11,Streetwear,Everyday,XL,yellow,21.69,12.16,9.53,0.4394
1040,MekongStyle UC-12,Streetwear,Everyday,S,red,13324.98,9943.1,3381.88,0.2538
1041,MekongStyle UC-13,Streetwear,Everyday,M,black,11954.96,6095.84,5859.12,0.4901
1042,MekongStyle UC-14,Streetwear,Everyday,L,orange,14486.85,11301.19,3185.66,0.2199
1199,MekongFit UC-01,Streetwear,Everyday,XL,yellow,1637.37,1262.25,375.12,0.2291
1200,MekongFit UC-02,Streetwear,Everyday,S,red,1243.94,895.26,348.68,0.2803
1201,MekongFit UC-03,Streetwear,Everyday,M,black,6929.37,6443.62,485.75,0.0701
1202,MekongFit UC-04,Streetwear,Everyday,L,orange,7253.1,6218.08,1035.02,0.1427
1203,MekongFit UC-05,Streetwear,Everyday,XL,blue,3885.7,3634.69,251.01,0.0646
1204,MekongFit UC-06,Streetwear,Everyday,S,white,4808.37,4567.95,240.42,0.05
1205,MekongFit UC-07,Streetwear,Everyday,M,purple,4409.37,3289.39,1119.98,0.254
1206,MekongFit UC-08,Streetwear,Everyday,L,green,6110.37,5286.08,824.29,0.1349
1207,MekongFit UC-09,Streetwear,Everyday,XL,silver,8323.85,7907.66,416.19,0.05
1208,MekongFit UC-10,Streetwear,Everyday,S,pink,46.02,28.99,17.03,0.3701
1209,MekongFit UC-11,Streetwear,Everyday,M,yellow,20.32,11.54,8.78,0.4321
1210,MekongFit UC-12,Streetwear,Everyday,L,red,7044.87,6692.63,352.24,0.05
1211,MekongFit UC-13,Streetwear,Everyday,XL,black,8670.87,8237.33,433.54,0.05
1212,MekongFit UC-14,Streetwear,Everyday,S,orange,4947.39,3803.06,1144.33,0.2313
1213,MekongFit UC-15,Streetwear,Everyday,M,blue,6198.43,4649.45,1548.98,0.2499
1214,MekongFit UC-16,Streetwear,Everyday,L,white,8189.37,4614.71,3574.66,0.4365
1215,MekongFit UC-17,Streetwear,Everyday,XL,purple,4138.55,2641.64,1496.91,0.3617
1216,MekongFit UC-18,Streetwear,Everyday,S,green,36.0,22.15,13.85,0.3847
1217,MekongFit UC-19,Streetwear,Everyday,M,silver,7001.43,5863.69,1137.74,0.1625
1218,MekongFit UC-20,Streetwear,Everyday,L,pink,15.12,8.68,6.44,0.4259
1219,MekongFit UC-21,Streetwear,Everyday,XL,yellow,19.47,10.9,8.57,0.4402
1220,MekongFit UC-22,Streetwear,Everyday,S,red,7693.69,5870.29,1823.4,0.237
1221,MekongFit UC-23,Streetwear,Everyday,M,black,9335.13,8663.0,672.13,0.072
1222,MekongFit UC-24,Streetwear,Everyday,L,orange,35.83,20.58,15.25,0.4256
1223,MekongFit UC-25,Streetwear,Everyday,XL,blue,4751.0,4513.45,237.55,0.05
1224,MekongFit UC-26,Streetwear,Everyday,S,white,44.5,27.69,16.81,0.3778
1225,MekongFit UC-27,Streetwear,Everyday,M,purple,2511.5,2353.77,157.73,0.0628
1226,MekongFit UC-28,Streetwear,Everyday,L,green,6689.1,5573.36,1115.74,0.1668
1227,MekongFit UC-29,Streetwear,Everyday,XL,silver,3804.0,3196.5,607.5,0.1597
1228,MekongFit UC-30,Streetwear,Everyday,S,pink,1644.43,1030.24,614.19,0.3735
1229,MekongFit UC-31,Streetwear,Everyday,M,yellow,3180.58,2331.05,849.53,0.2671
1230,MekongFit UC-32,Streetwear,Everyday,L,red,5786.6,3670.44,2116.16,0.3657
1231,MekongFit UC-33,Streetwear,Everyday,XL,black,9063.75,7768.54,1295.21,0.1429
1232,MekongFit UC-34,Streetwear,Everyday,S,orange,4566.73,4338.39,228.34,0.05
1689,NamStyle UC-01,Streetwear,Everyday,M,yellow,2708.37,1355.27,1353.1,0.4996
1795,SaigonCore UC-01,Streetwear,Everyday,XL,purple,6835.12,5533.71,1301.41,0.1904
1796,SaigonCore UC-02,Streetwear,Everyday,S,green,9002.7,7059.02,1943.68,0.2159
1797,SaigonCore UC-03,Streetwear,Everyday,M,silver,5696.86,3744.54,1952.32,0.3427
1798,SaigonCore UC-04,Streetwear,Everyday,L,pink,8498.7,5991.58,2507.12,0.295
1799,SaigonCore UC-05,Streetwear,Everyday,XL,yellow,9443.7,8971.52,472.18,0.05
1800,SaigonCore UC-06,Streetwear,Everyday,S,red,7633.08,7251.43,381.65,0.05
1801,SaigonCore UC-07,Streetwear,Everyday,M,black,9474.18,7096.16,2378.02,0.251
1802,SaigonCore UC-08,Streetwear,Everyday,L,orange,8498.7,7093.86,1404.84,0.1653
1803,SaigonCore UC-09,Streetwear,Everyday,XL,blue,5351.85,4369.25,982.6,0.1836
1804,SaigonCore UC-10,Streetwear,Everyday,S,white,8096.86,5747.15,2349.71,0.2902
1805,SaigonCore UC-11,Streetwear,Everyday,M,purple,5532.45,3212.14,2320.31,0.4194
1882,BambooCraft UC-01,Streetwear,Everyday,L,orange,35.47,22.54,12.93,0.3645
1883,BambooCraft UC-02,Streetwear,Everyday,XL,blue,9147.14,8689.78,457.36,0.05
1884,BambooCraft UC-03,Streetwear,Everyday,S,white,10289.23,8385.72,1903.51,0.185
1885,BambooCraft UC-04,Streetwear,Everyday,M,purple,10079.37,8501.95,1577.42,0.1565
1886,BambooCraft UC-05,Streetwear,Everyday,L,green,10602.99,8157.94,2445.05,0.2306
1887,BambooCraft UC-06,Streetwear,Everyday,XL,silver,31.62,20.02,11.6,0.3669
1888,BambooCraft UC-07,Streetwear,Everyday,S,pink,10940.58,10050.02,890.56,0.0814
1889,BambooCraft UC-08,Streetwear,Everyday,M,yellow,8251.84,7839.25,412.59,0.05
1890,BambooCraft UC-09,Streetwear,Everyday,L,red,29.36,17.31,12.05,0.4104
1891,BambooCraft UC-10,Streetwear,Everyday,XL,black,8630.37,5459.57,3170.8,0.3674
1892,BambooCraft UC-11,Streetwear,Everyday,S,orange,10488.37,9963.95,524.42,0.05
1893,BambooCraft UC-12,Streetwear,Everyday,M,blue,8686.74,7189.14,1497.6,0.1724
1894,BambooCraft UC-13,Streetwear,Everyday,L,white,8725.29,4900.12,3825.17,0.4384
1895,BambooCraft UC-14,Streetwear,Everyday,XL,purple,9014.52,8563.79,450.73,0.05
1896,BambooCraft UC-15,Streetwear,Everyday,S,green,8833.76,7271.95,1561.81,0.1768
1897,BambooCraft UC-16,Streetwear,Everyday,M,silver,8661.22,4709.1,3952.12,0.4563
1898,BambooCraft UC-17,Streetwear,Everyday,L,pink,12242.04,11629.94,612.1,0.05
1899,BambooCraft UC-18,Streetwear,Everyday,XL,yellow,11430.58,10859.05,571.53,0.05
1900,BambooCraft UC-19,Streetwear,Everyday,S,red,18.33,11.31,7.02,0.383
1901,BambooCraft UC-20,Streetwear,Everyday,M,black,9899.93,9404.94,494.99,0.05
1902,BambooCraft UC-21,Streetwear,Everyday,L,orange,19529.37,16287.49,3241.88,0.166
1903,BambooCraft UC-22,Streetwear,Everyday,XL,blue,9629.86,9148.36,481.5,0.05
1904,BambooCraft UC-23,Streetwear,Everyday,S,white,8222.53,5716.3,2506.23,0.3048
1905,BambooCraft UC-24,Streetwear,Everyday,M,purple,11412.15,8450.69,2961.46,0.2595
1906,BambooCraft UC-25,Streetwear,Everyday,L,green,8808.87,7972.03,836.84,0.095
1907,BambooCraft UC-26,Streetwear,Everyday,XL,silver,12729.08,6993.36,5735.72,0.4506
2066,UrbanVN UC-01,Streetwear,Everyday,L,green,4537.14,3082.08,1455.06,0.3207
2067,UrbanVN UC-02,Streetwear,Everyday,XL,silver,6547.55,6220.17,327.38,0.05
2068,UrbanVN UC-03,Streetwear,Everyday,S,pink,24.83,14.17,10.66,0.4293
2069,UrbanVN UC-04,Streetwear,Everyday,M,yellow,6299.37,5984.4,314.97,0.05
2070,UrbanVN UC-05,Streetwear,Everyday,L,red,6299.11,5095.98,1203.13,0.191
2071,UrbanVN UC-06,Streetwear,Everyday,XL,black,4194.77,2699.75,1495.02,0.3564
2072,UrbanVN UC-07,Streetwear,Everyday,S,orange,27.54,15.96,11.58,0.4205
2073,UrbanVN UC-08,Streetwear,Everyday,M,blue,4327.89,4111.49,216.4,0.05
2074,UrbanVN UC-09,Streetwear,Everyday,L,white,4031.37,2954.19,1077.18,0.2672
2075,UrbanVN UC-10,Streetwear,Everyday,XL,purple,5543.37,4112.63,1430.74,0.2581
2076,UrbanVN UC-11,Streetwear,Everyday,S,green,8618.81,8187.87,430.94,0.05
2077,UrbanVN UC-12,Streetwear,Everyday,M,silver,4480.88,2845.36,1635.52,0.365
2078,UrbanVN UC-13,Streetwear,Everyday,L,pink,6929.37,4147.23,2782.14,0.4015
2079,UrbanVN UC-14,Streetwear,Everyday,XL,yellow,6564.19,6235.98,328.21,0.05
2080,UrbanVN UC-15,Streetwear,Everyday,S,red,6929.37,3718.99,3210.38,0.4633
2081,UrbanVN UC-16,Streetwear,Everyday,M,black,2708.37,2432.12,276.25,0.102
2082,UrbanVN UC-17,Streetwear,Everyday,L,orange,4066.09,3089.42,976.67,0.2402
2083,UrbanVN UC-18,Streetwear,Everyday,XL,blue,3872.08,3180.91,691.17,0.1785
2084,UrbanVN UC-19,Streetwear,Everyday,S,white,8001.93,7425.79,576.14,0.072
2085,UrbanVN UC-20,Streetwear,Everyday,M,purple,8000.37,7600.35,400.02,0.05
2086,UrbanVN UC-21,Streetwear,Everyday,L,green,2916.65,2528.45,388.2,0.1331
2087,UrbanVN UC-22,Streetwear,Everyday,XL,silver,8712.53,7795.1,917.43,0.1053
2088,UrbanVN UC-23,Streetwear,Everyday,S,pink,7055.37,6285.63,769.74,0.1091
2089,UrbanVN UC-24,Streetwear,Everyday,M,yellow,9449.37,5547.73,3901.64,0.4129
2090,UrbanVN UC-25,Streetwear,Everyday,L,red,4301.7,3533.85,767.85,0.1785
2091,UrbanVN UC-26,Streetwear,Everyday,XL,black,2020.0,1168.16,851.84,0.4217
2092,UrbanVN UC-27,Streetwear,Everyday,S,orange,4099.84,3894.85,204.99,0.05
2093,UrbanVN UC-28,Streetwear,Everyday,M,blue,5324.79,3625.12,1699.67,0.3192
2094,UrbanVN UC-29,Streetwear,Everyday,L,white,5259.78,4996.79,262.99,0.05
2095,UrbanVN UC-30,Streetwear,Everyday,XL,purple,50.54,32.33,18.21,0.3603
2096,UrbanVN UC-31,Streetwear,Everyday,S,green,37.99,20.95,17.04,0.4485
2171,PhoenixWear UC-01,Streetwear,Everyday,XL,black,5395.67,3942.08,1453.59,0.2694
2172,PhoenixWear UC-02,Streetwear,Everyday,S,orange,16.36,9.14,7.22,0.4413
2173,PhoenixWear UC-03,Streetwear,Everyday,M,blue,9084.63,6667.21,2417.42,0.2661
2174,PhoenixWear UC-04,Streetwear,Everyday,L,white,5039.37,2880.5,2158.87,0.4284
2175,PhoenixWear UC-05,Streetwear,Everyday,XL,purple,5666.85,3381.41,2285.44,0.4033
2176,PhoenixWear UC-06,Streetwear,Everyday,S,green,8819.37,7504.4,1314.97,0.1491
2177,PhoenixWear UC-07,Streetwear,Everyday,M,silver,7876.34,5431.52,2444.82,0.3104
2178,PhoenixWear UC-08,Streetwear,Everyday,L,pink,10331.37,9814.8,516.57,0.05
2179,PhoenixWear UC-09,Streetwear,Everyday,XL,yellow,9154.69,7143.41,2011.28,0.2197
2180,PhoenixWear UC-10,Streetwear,Everyday,S,red,5147.28,4889.92,257.36,0.05
2181,PhoenixWear UC-11,Streetwear,Everyday,M,black,9449.37,8976.9,472.47,0.05
2182,PhoenixWear UC-12,Streetwear,Everyday,L,orange,9449.37,8976.9,472.47,0.05
2183,PhoenixWear UC-13,Streetwear,Everyday,XL,blue,8685.85,8251.56,434.29,0.05
2184,PhoenixWear UC-14,Streetwear,Everyday,S,white,10003.17,9503.01,500.16,0.05
2185,PhoenixWear UC-15,Streetwear,Everyday,M,purple,10064.3,6988.65,3075.65,0.3056
2186,PhoenixWear UC-16,Streetwear,Everyday,L,green,5332.65,4611.67,720.98,0.1352
2353,VietMotion UC-01,Streetwear,Everyday,M,blue,5207.48,4504.99,702.49,0.1349
2354,VietMotion UC-02,Streetwear,Everyday,L,white,4403.3,4183.14,220.16,0.05
2355,VietMotion UC-03,Streetwear,Everyday,XL,purple,7179.43,5081.6,2097.83,0.2922
2356,VietMotion UC-04,Streetwear,Everyday,S,green,8744.4,5883.23,2861.17,0.3272
2357,VietMotion UC-05,Streetwear,Everyday,M,silver,37.7,21.52,16.18,0.4292
2358,VietMotion UC-06,Streetwear,Everyday,L,pink,28.39,15.69,12.7,0.4473
2359,VietMotion UC-07,Streetwear,Everyday,XL,yellow,5399.83,3136.76,2263.07,0.4191
2360,VietMotion UC-08,Streetwear,Everyday,S,red,7081.98,5403.55,1678.43,0.237
2361,VietMotion UC-09,Streetwear,Everyday,M,black,7197.01,6837.16,359.85,0.05
2362,VietMotion UC-10,Streetwear,Everyday,L,orange,25.26,14.35,10.91,0.4319
2363,VietMotion UC-11,Streetwear,Everyday,XL,blue,11768.96,11180.51,588.45,0.05
2364,VietMotion UC-12,Streetwear,Everyday,S,white,42.3,25.73,16.57,0.3917
2365,VietMotion UC-13,Streetwear,Everyday,M,purple,6423.1,4688.22,1734.88,0.2701
2366,VietMotion UC-14,Streetwear,Everyday,L,green,5124.65,4868.42,256.23,0.05
2367,VietMotion UC-15,Streetwear,Everyday,XL,silver,5855.09,3272.41,2582.68,0.4411
2368,VietMotion UC-16,Streetwear,Everyday,S,pink,9060.46,5234.23,3826.23,0.4223
2369,VietMotion UC-17,Streetwear,Everyday,M,yellow,5168.69,2624.14,2544.55,0.4923
2370,VietMotion UC-18,Streetwear,Everyday,L,red,8898.12,4748.93,4149.19,0.4663
2371,VietMotion UC-19,Streetwear,Everyday,XL,black,6958.3,4658.58,2299.72,0.3305
2372,VietMotion UC-20,Streetwear,Everyday,S,orange,4787.37,2481.77,2305.6,0.4816
2373,VietMotion UC-21,Streetwear,Everyday,M,blue,7213.41,4297.75,2915.66,0.4042
2374,VietMotion UC-22,Streetwear,Everyday,L,white,7830.72,5726.61,2104.11,0.2687
2375,VietMotion UC-23,Streetwear,Everyday,XL,purple,8378.37,5122.54,3255.83,0.3886
2376,VietMotion UC-24,Streetwear,Everyday,S,green,8381.72,7962.63,419.09,0.05
2377,VietMotion UC-25,Streetwear,Everyday,M,silver,10451.7,9744.12,707.58,0.0677
2378,VietMotion UC-26,Streetwear,Everyday,L,pink,9752.4,9264.78,487.62,0.05
2379,VietMotion UC-27,Streetwear,Everyday,XL,yellow,2324.01,2207.81,116.2,0.05
2380,VietMotion UC-28,Streetwear,Everyday,S,red,3754.71,2446.94,1307.77,0.3483
2381,VietMotion UC-29,Streetwear,Everyday,M,black,7536.5,7159.68,376.82,0.05
2382,VietMotion UC-30,Streetwear,Everyday,L,orange,50.02,29.62,20.4,0.4078
2383,VietMotion UC-31,Streetwear,Everyday,XL,blue,48.06,30.73,17.33,0.3606
2384,VietMotion UC-32,Streetwear,Everyday,S,white,7792.53,4305.37,3487.16,0.4475
2385,VietMotion UC-33,Streetwear,Everyday,M,purple,9105.6,6343.87,2761.73,0.3033
2386,VietMotion UC-34,Streetwear,Everyday,L,green,23.67,14.95,8.72,0.3684
2387,VietMotion UC-35,Streetwear,Everyday,XL,silver,6091.45,4494.27,1597.18,0.2622
2388,VietMotion UC-36,Streetwear,Everyday,S,pink,3825.87,2462.33,1363.54,0.3564
2389,VietMotion UC-37,Streetwear,Everyday,M,yellow,10194.3,9156.52,1037.78,0.1018
2390,VietMotion UC-38,Streetwear,Everyday,L,red,29.26,17.09,12.17,0.4159
2391,VietMotion UC-39,Streetwear,Everyday,XL,black,9057.27,8604.4,452.87,0.05
173,DragonWear UE-01,Streetwear,Performance,M,blue,12869.2,10770.23,2098.97,0.1631
174,DragonWear UE-02,Streetwear,Performance,L,white,8386.03,7570.07,815.96,0.0973
175,DragonWear UE-03,Streetwear,Performance,XL,purple,7553.7,7176.02,377.68,0.05
176,DragonWear UE-04,Streetwear,Performance,S,green,9216.9,7344.95,1871.95,0.2031
177,DragonWear UE-05,Streetwear,Performance,M,silver,9443.35,8471.63,971.72,0.1029
178,DragonWear UE-06,Streetwear,Performance,L,pink,6268.5,3509.73,2758.77,0.4401
179,DragonWear UE-07,Streetwear,Performance,XL,yellow,37.81,21.77,16.04,0.4242
180,DragonWear UE-08,Streetwear,Performance,S,red,9746.47,9106.13,640.34,0.0657
181,DragonWear UE-09,Streetwear,Performance,M,black,8498.7,8073.76,424.94,0.05
182,DragonWear UE-10,Streetwear,Performance,L,orange,16000.57,12051.63,3948.94,0.2468
183,DragonWear UE-11,Streetwear,Performance,XL,blue,9191.45,8731.87,459.58,0.05
184,DragonWear UE-12,Streetwear,Performance,S,white,48.92,28.76,20.16,0.4121
185,DragonWear UE-13,Streetwear,Performance,M,purple,9741.69,5492.37,4249.32,0.4362
186,DragonWear UE-14,Streetwear,Performance,L,green,27.34,16.65,10.69,0.391
187,DragonWear UE-15,Streetwear,Performance,XL,silver,8798.35,7129.3,1669.05,0.1897
188,DragonWear UE-16,Streetwear,Performance,S,pink,9261.0,6645.69,2615.31,0.2824
513,SaigonFlex UE-01,Streetwear,Performance,M,blue,5635.85,4186.31,1449.54,0.2572
514,SaigonFlex UE-02,Streetwear,Performance,L,white,5606.58,4206.06,1400.52,0.2498
515,SaigonFlex UE-03,Streetwear,Performance,XL,purple,6514.16,3614.71,2899.45,0.4451
516,SaigonFlex UE-04,Streetwear,Performance,S,green,6653.52,3389.97,3263.55,0.4905
517,SaigonFlex UE-05,Streetwear,Performance,M,silver,8186.85,6897.42,1289.43,0.1575
518,SaigonFlex UE-06,Streetwear,Performance,L,pink,6281.42,3173.37,3108.05,0.4948
519,SaigonFlex UE-07,Streetwear,Performance,XL,yellow,19526.85,9948.93,9577.92,0.4905
520,SaigonFlex UE-08,Streetwear,Performance,S,red,7367.85,6999.46,368.39,0.05
521,SaigonFlex UE-09,Streetwear,Performance,M,black,6740.37,5806.83,933.54,0.1385
522,SaigonFlex UE-10,Streetwear,Performance,L,orange,30.75,17.73,13.02,0.4234
523,SaigonFlex UE-11,Streetwear,Performance,XL,blue,6819.42,6351.61,467.81,0.0686
524,SaigonFlex UE-12,Streetwear,Performance,S,white,7556.85,7179.01,377.84,0.05
525,SaigonFlex UE-13,Streetwear,Performance,M,purple,6289.68,3754.31,2535.37,0.4031
526,SaigonFlex UE-14,Streetwear,Performance,L,green,21.27,13.03,8.24,0.3874
527,SaigonFlex UE-15,Streetwear,Performance,XL,silver,6485.85,5394.28,1091.57,0.1683
528,SaigonFlex UE-16,Streetwear,Performance,S,pink,7241.85,4674.61,2567.24,0.3545
529,SaigonFlex UE-17,Streetwear,Performance,M,yellow,5574.45,2865.27,2709.18,0.486
530,SaigonFlex UE-18,Streetwear,Performance,L,red,7519.36,5786.15,1733.21,0.2305
531,SaigonFlex UE-19,Streetwear,Performance,XL,black,7557.78,7179.89,377.89,0.05
532,SaigonFlex UE-20,Streetwear,Performance,S,orange,6825.53,5999.64,825.89,0.121
533,SaigonFlex UE-21,Streetwear,Performance,M,blue,6086.91,3334.41,2752.5,0.4522
534,SaigonFlex UE-22,Streetwear,Performance,L,white,6526.87,5059.63,1467.24,0.2248
535,SaigonFlex UE-23,Streetwear,Performance,XL,purple,6485.85,5704.31,781.54,0.1205
892,HanoiStreet UE-01,Streetwear,Performance,S,orange,20.52,12.13,8.39,0.4089
893,HanoiStreet UE-02,Streetwear,Performance,M,blue,10520.37,8970.72,1549.65,0.1473
894,HanoiStreet UE-03,Streetwear,Performance,L,white,45.83,27.74,18.09,0.3947
895,HanoiStreet UE-04,Streetwear,Performance,XL,purple,7118.88,4305.5,2813.38,0.3952
896,HanoiStreet UE-05,Streetwear,Performance,S,green,11024.37,7005.99,4018.38,0.3645
897,HanoiStreet UE-06,Streetwear,Performance,M,silver,8438.65,4981.34,3457.31,0.4097
898,HanoiStreet UE-07,Streetwear,Performance,L,pink,56.97,33.82,23.15,0.4064
899,HanoiStreet UE-08,Streetwear,Performance,XL,yellow,7171.24,6812.68,358.56,0.05
900,HanoiStreet UE-09,Streetwear,Performance,S,red,3541.48,2763.77,777.71,0.2196
901,HanoiStreet UE-10,Streetwear,Performance,M,black,4913.37,3388.26,1525.11,0.3104
902,HanoiStreet UE-11,Streetwear,Performance,L,orange,1889.37,1062.96,826.41,0.4374
903,HanoiStreet UE-12,Streetwear,Performance,XL,blue,32.18,18.64,13.54,0.4208
904,HanoiStreet UE-13,Streetwear,Performance,S,white,49.47,31.9,17.57,0.3552
905,HanoiStreet UE-14,Streetwear,Performance,M,purple,7216.91,5134.83,2082.08,0.2885
906,HanoiStreet UE-15,Streetwear,Performance,L,green,5178.67,4255.83,922.84,0.1782
907,HanoiStreet UE-16,Streetwear,Performance,XL,silver,7343.25,6976.09,367.16,0.05
908,HanoiStreet UE-17,Streetwear,Performance,S,pink,2601.28,2461.33,139.95,0.0538
909,HanoiStreet UE-18,Streetwear,Performance,M,yellow,2910.24,1759.82,1150.42,0.3953
910,HanoiStreet UE-19,Streetwear,Performance,L,red,5226.12,4846.18,379.94,0.0727
911,HanoiStreet UE-20,Streetwear,Performance,XL,black,38.27,23.97,14.3,0.3737
912,HanoiStreet UE-21,Streetwear,Performance,S,orange,25.58,14.43,11.15,0.4359
913,HanoiStreet UE-22,Streetwear,Performance,M,blue,4566.49,2456.77,2109.72,0.462
914,HanoiStreet UE-23,Streetwear,Performance,L,white,6929.37,3953.21,2976.16,0.4295
915,HanoiStreet UE-24,Streetwear,Performance,XL,purple,6677.37,6343.5,333.87,0.05
916,HanoiStreet UE-25,Streetwear,Performance,S,green,10079.37,9575.4,503.97,0.05
917,HanoiStreet UE-26,Streetwear,Performance,M,silver,38.27,24.37,13.9,0.3632
918,HanoiStreet UE-27,Streetwear,Performance,L,pink,61.27,36.68,24.59,0.4013
919,HanoiStreet UE-28,Streetwear,Performance,XL,yellow,32.64,20.87,11.77,0.3606
920,HanoiStreet UE-29,Streetwear,Performance,S,red,61.92,39.01,22.91,0.37
921,HanoiStreet UE-30,Streetwear,Performance,M,black,6299.37,5324.23,975.14,0.1548
922,HanoiStreet UE-31,Streetwear,Performance,L,orange,5687.85,2991.24,2696.61,0.4741
923,HanoiStreet UE-32,Streetwear,Performance,XL,blue,11.61,6.88,4.73,0.4074
924,HanoiStreet UE-33,Streetwear,Performance,S,white,3853.82,3304.65,549.17,0.1425
925,HanoiStreet UE-34,Streetwear,Performance,M,purple,3806.73,3616.4,190.33,0.05
926,HanoiStreet UE-35,Streetwear,Performance,L,green,6977.85,4222.99,2754.86,0.3948
927,HanoiStreet UE-36,Streetwear,Performance,XL,silver,5860.36,5567.35,293.01,0.05
928,HanoiStreet UE-37,Streetwear,Performance,S,pink,46.01,25.41,20.6,0.4477
929,HanoiStreet UE-38,Streetwear,Performance,M,yellow,34.29,19.78,14.51,0.4232
930,HanoiStreet UE-39,Streetwear,Performance,L,red,6577.81,6180.51,397.3,0.0604
931,HanoiStreet UE-40,Streetwear,Performance,XL,black,4142.9,3834.67,308.23,0.0744
932,HanoiStreet UE-41,Streetwear,Performance,S,orange,29.38,17.75,11.63,0.3958
933,HanoiStreet UE-42,Streetwear,Performance,M,blue,6929.37,3488.24,3441.13,0.4966
934,HanoiStreet UE-43,Streetwear,Performance,L,white,34.35,21.07,13.28,0.3866
935,HanoiStreet UE-44,Streetwear,Performance,XL,purple,9448.74,7307.66,2141.08,0.2266
936,HanoiStreet UE-45,Streetwear,Performance,S,green,6240.31,5928.29,312.02,0.05
937,HanoiStreet UE-46,Streetwear,Performance,M,silver,6299.37,5984.4,314.97,0.05
1165,MekongFit UE-01,Streetwear,Performance,M,purple,6929.37,6582.9,346.47,0.05
1166,MekongFit UE-02,Streetwear,Performance,L,green,6410.83,4801.07,1609.76,0.2511
1167,MekongFit UE-03,Streetwear,Performance,XL,silver,3123.12,1696.17,1426.95,0.4569
1168,MekongFit UE-04,Streetwear,Performance,S,pink,4290.58,4000.1,290.48,0.0677
1169,MekongFit UE-05,Streetwear,Performance,M,yellow,5039.37,4378.71,660.66,0.1311
1170,MekongFit UE-06,Streetwear,Performance,L,red,5606.37,3703.57,1902.8,0.3394
1171,MekongFit UE-07,Streetwear,Performance,XL,black,4297.01,3953.68,343.33,0.0799
1172,MekongFit UE-08,Streetwear,Performance,S,orange,5704.61,3429.04,2275.57,0.3989
1173,MekongFit UE-09,Streetwear,Performance,M,blue,6051.28,5634.35,416.93,0.0689
1174,MekongFit UE-10,Streetwear,Performance,L,white,6929.37,6582.9,346.47,0.05
1175,MekongFit UE-11,Streetwear,Performance,XL,purple,7960.85,7562.81,398.04,0.05
1176,MekongFit UE-12,Streetwear,Performance,S,green,7474.81,7035.29,439.52,0.0588
1177,MekongFit UE-13,Streetwear,Performance,M,silver,3193.26,3033.6,159.66,0.05
1178,MekongFit UE-14,Streetwear,Performance,L,pink,7106.04,3850.76,3255.28,0.4581
1179,MekongFit UE-15,Streetwear,Performance,XL,yellow,7152.33,6404.19,748.14,0.1046
1180,MekongFit UE-16,Streetwear,Performance,S,red,6400.83,3691.36,2709.47,0.4233
1181,MekongFit UE-17,Streetwear,Performance,M,black,5039.37,2798.36,2241.01,0.4447
1182,MekongFit UE-18,Streetwear,Performance,L,orange,2220.57,2109.54,111.03,0.05
1183,MekongFit UE-19,Streetwear,Performance,XL,blue,7901.33,4835.61,3065.72,0.388
1184,MekongFit UE-20,Streetwear,Performance,S,white,7559.37,5095.77,2463.6,0.3259
1185,MekongFit UE-21,Streetwear,Performance,M,purple,14.95,8.61,6.34,0.4241
1186,MekongFit UE-22,Streetwear,Performance,L,green,4625.5,2901.11,1724.39,0.3728
1187,MekongFit UE-23,Streetwear,Performance,XL,silver,5444.8,5172.56,272.24,0.05
1188,MekongFit UE-24,Streetwear,Performance,S,pink,5589.41,5309.94,279.47,0.05
1189,MekongFit UE-25,Streetwear,Performance,M,yellow,2618.91,2284.48,334.43,0.1277
1190,MekongFit UE-26,Streetwear,Performance,L,red,2330.37,1277.97,1052.4,0.4516
1191,MekongFit UE-27,Streetwear,Performance,XL,black,3202.15,2351.66,850.49,0.2656
1192,MekongFit UE-28,Streetwear,Performance,S,orange,4031.37,3140.44,890.93,0.221
1193,MekongFit UE-29,Streetwear,Performance,M,blue,30.33,17.1,13.23,0.4362
1194,MekongFit UE-30,Streetwear,Performance,L,white,9476.44,7068.48,2407.96,0.2541
1195,MekongFit UE-31,Streetwear,Performance,XL,purple,3527.37,2364.75,1162.62,0.3296
1196,MekongFit UE-32,Streetwear,Performance,S,green,5291.37,2884.33,2407.04,0.4549
1197,MekongFit UE-33,Streetwear,Performance,M,silver,5291.37,3505.0,1786.37,0.3376
1198,MekongFit UE-34,Streetwear,Performance,L,pink,5574.1,5295.4,278.7,0.05
1671,VietMode UE-01,Streetwear,Performance,XL,black,4408.74,4188.3,220.44,0.05
1672,VietMode UE-02,Streetwear,Performance,S,orange,8188.74,4955.83,3232.91,0.3948
1673,VietMode UE-03,Streetwear,Performance,M,blue,11048.49,6622.46,4426.03,0.4006
1674,VietMode UE-04,Streetwear,Performance,L,white,12599.37,11969.4,629.97,0.05
1675,VietMode UE-05,Streetwear,Performance,XL,purple,5857.74,4998.41,859.33,0.1467
1676,VietMode UE-06,Streetwear,Performance,S,green,6171.31,4136.01,2035.3,0.3298
1677,VietMode UE-07,Streetwear,Performance,M,silver,10520.37,6982.37,3538.0,0.3363
1678,VietMode UE-08,Streetwear,Performance,L,pink,8819.02,8378.07,440.95,0.05
1679,VietMode UE-09,Streetwear,Performance,XL,yellow,10719.6,10183.62,535.98,0.05
1680,VietMode UE-10,Streetwear,Performance,S,red,4610.21,2840.81,1769.4,0.3838
1681,VietMode UE-11,Streetwear,Performance,M,black,6053.19,5750.53,302.66,0.05
1682,VietMode UE-12,Streetwear,Performance,L,orange,8921.64,8475.56,446.08,0.05
1683,VietMode UE-13,Streetwear,Performance,XL,blue,6613.74,5271.81,1341.93,0.2029
1684,VietMode UE-14,Streetwear,Performance,S,white,5416.74,3482.42,1934.32,0.3571
1685,VietMode UE-15,Streetwear,Performance,M,purple,8188.74,4606.99,3581.75,0.4374
1686,VietMode UE-16,Streetwear,Performance,L,green,9826.74,9335.4,491.34,0.05
1687,VietMode UE-17,Streetwear,Performance,XL,silver,8819.22,8378.26,440.96,0.05
1688,NamStyle UE-01,Streetwear,Performance,S,pink,1889.37,1143.45,745.92,0.3948
1766,SaigonCore UE-01,Streetwear,Performance,L,green,8892.5,5203.89,3688.61,0.4148
1767,SaigonCore UE-02,Streetwear,Performance,XL,silver,11969.37,6986.52,4982.85,0.4163
1768,SaigonCore UE-03,Streetwear,Performance,S,pink,10898.37,10353.45,544.92,0.05
1769,SaigonCore UE-04,Streetwear,Performance,M,yellow,12221.37,11610.3,611.07,0.05
1770,SaigonCore UE-05,Streetwear,Performance,L,red,7559.37,4246.1,3313.27,0.4383
1771,SaigonCore UE-06,Streetwear,Performance,XL,black,10709.37,7600.44,3108.93,0.2903
1772,SaigonCore UE-07,Streetwear,Performance,S,orange,7868.7,5265.73,2602.97,0.3308
1773,SaigonCore UE-08,Streetwear,Performance,M,blue,13497.12,7885.02,5612.1,0.4158
1774,SaigonCore UE-09,Streetwear,Performance,L,white,10302.29,8867.18,1435.11,0.1393
1775,SaigonCore UE-10,Streetwear,Performance,XL,purple,8504.37,7461.73,1042.64,0.1226
1776,SaigonCore UE-11,Streetwear,Performance,S,green,17639.37,16157.66,1481.71,0.084
1777,SaigonCore UE-12,Streetwear,Performance,M,silver,7626.91,6550.75,1076.16,0.1411
1778,SaigonCore UE-13,Streetwear,Performance,L,pink,8251.73,4414.67,3837.06,0.465
1779,SaigonCore UE-14,Streetwear,Performance,XL,yellow,9449.37,6418.01,3031.36,0.3208
1780,SaigonCore UE-15,Streetwear,Performance,S,red,17143.7,14587.57,2556.13,0.1491
1781,SaigonCore UE-16,Streetwear,Performance,M,black,6970.46,6092.88,877.58,0.1259
1782,SaigonCore UE-17,Streetwear,Performance,L,orange,6087.37,3511.8,2575.57,0.4231
1783,SaigonCore UE-18,Streetwear,Performance,XL,blue,7627.72,6845.88,781.84,0.1025
1784,SaigonCore UE-19,Streetwear,Performance,S,white,7238.7,5703.37,1535.33,0.2121
1785,SaigonCore UE-20,Streetwear,Performance,M,purple,9443.7,8971.52,472.18,0.05
1786,SaigonCore UE-21,Streetwear,Performance,L,green,7948.04,7430.62,517.42,0.0651
1787,SaigonCore UE-22,Streetwear,Performance,XL,silver,9128.7,8672.26,456.44,0.05
1788,SaigonCore UE-23,Streetwear,Performance,S,pink,7245.0,6546.58,698.42,0.0964
1789,SaigonCore UE-24,Streetwear,Performance,M,yellow,11313.78,8076.9,3236.88,0.2861
1790,SaigonCore UE-25,Streetwear,Performance,L,red,5087.7,4690.35,397.35,0.0781
1791,SaigonCore UE-26,Streetwear,Performance,XL,black,9507.4,8027.09,1480.31,0.1557
1792,SaigonCore UE-27,Streetwear,Performance,S,orange,11339.37,7818.5,3520.87,0.3105
1793,SaigonCore UE-28,Streetwear,Performance,M,blue,6713.7,3936.91,2776.79,0.4136
1794,SaigonCore UE-29,Streetwear,Performance,L,white,38.2,24.2,14.0,0.3665
2041,UrbanVN UE-01,Streetwear,Performance,M,black,8922.09,8475.98,446.11,0.05
2042,UrbanVN UE-02,Streetwear,Performance,L,orange,7307.37,5269.34,2038.03,0.2789
2043,UrbanVN UE-03,Streetwear,Performance,XL,blue,9308.55,5375.69,3932.86,0.4225
2044,UrbanVN UE-04,Streetwear,Performance,S,white,4691.61,4457.03,234.58,0.05
2045,UrbanVN UE-05,Streetwear,Performance,M,purple,5569.46,2996.37,2573.09,0.462
2046,UrbanVN UE-06,Streetwear,Performance,L,green,5196.87,3738.63,1458.24,0.2806
2047,UrbanVN UE-07,Streetwear,Performance,XL,silver,4488.83,2369.65,2119.18,0.4721
2048,UrbanVN UE-08,Streetwear,Performance,S,pink,59.81,38.78,21.03,0.3516
2049,UrbanVN UE-09,Streetwear,Performance,M,yellow,5425.36,5021.17,404.19,0.0745
2050,UrbanVN UE-10,Streetwear,Performance,L,red,6047.04,5297.81,749.23,0.1239
2051,UrbanVN UE-11,Streetwear,Performance,XL,black,9008.37,6208.57,2799.8,0.3108
2052,UrbanVN UE-12,Streetwear,Performance,S,orange,9086.84,7847.4,1239.44,0.1364
2053,UrbanVN UE-13,Streetwear,Performance,M,blue,4015.52,2068.4,1947.12,0.4849
2054,UrbanVN UE-14,Streetwear,Performance,L,white,7071.6,6718.02,353.58,0.05
2055,UrbanVN UE-15,Streetwear,Performance,XL,purple,7240.1,6878.1,362.0,0.05
2056,UrbanVN UE-16,Streetwear,Performance,S,green,3991.45,3791.87,199.58,0.05
2057,UrbanVN UE-17,Streetwear,Performance,M,silver,5726.07,5053.26,672.81,0.1175
2058,UrbanVN UE-18,Streetwear,Performance,L,pink,3259.52,1700.49,1559.03,0.4783
2059,UrbanVN UE-19,Streetwear,Performance,XL,yellow,26.92,16.22,10.7,0.3975
2060,UrbanVN UE-20,Streetwear,Performance,S,red,4438.99,2234.59,2204.4,0.4966
2061,UrbanVN UE-21,Streetwear,Performance,M,black,4375.12,4156.36,218.76,0.05
2062,UrbanVN UE-22,Streetwear,Performance,L,orange,23.97,13.59,10.38,0.433
2063,UrbanVN UE-23,Streetwear,Performance,XL,blue,27.09,15.64,11.45,0.4227
2064,UrbanVN UE-24,Streetwear,Performance,S,white,6479.72,5307.54,1172.18,0.1809
2065,UrbanVN UE-25,Streetwear,Performance,M,purple,47.76,26.36,21.4,0.4481
2148,PhoenixWear UE-01,Streetwear,Performance,S,pink,7739.01,4210.02,3528.99,0.456
2149,PhoenixWear UE-02,Streetwear,Performance,M,yellow,5228.37,4966.95,261.42,0.05
2150,PhoenixWear UE-03,Streetwear,Performance,L,red,5932.95,4969.43,963.52,0.1624
2151,PhoenixWear UE-04,Streetwear,Performance,XL,black,6235.61,4723.48,1512.13,0.2425
2152,PhoenixWear UE-05,Streetwear,Performance,S,orange,37.77,24.23,13.54,0.3585
2153,PhoenixWear UE-06,Streetwear,Performance,M,blue,6751.03,6413.48,337.55,0.05
2154,PhoenixWear UE-07,Streetwear,Performance,L,white,10009.1,5308.83,4700.27,0.4696
2155,PhoenixWear UE-08,Streetwear,Performance,XL,purple,7564.62,3894.27,3670.35,0.4852
2156,PhoenixWear UE-09,Streetwear,Performance,S,green,26.79,15.05,11.74,0.4382
2157,PhoenixWear UE-10,Streetwear,Performance,M,silver,5480.37,3292.61,2187.76,0.3992
2158,PhoenixWear UE-11,Streetwear,Performance,L,pink,40.66,24.71,15.95,0.3923
2159,PhoenixWear UE-12,Streetwear,Performance,XL,yellow,5663.07,4892.33,770.74,0.1361
2160,PhoenixWear UE-13,Streetwear,Performance,S,red,34.43,19.88,14.55,0.4226
2161,PhoenixWear UE-14,Streetwear,Performance,M,black,6821.85,5840.87,980.98,0.1438
2162,PhoenixWear UE-15,Streetwear,Performance,L,orange,48.79,29.54,19.25,0.3945
2163,PhoenixWear UE-16,Streetwear,Performance,XL,blue,8504.37,7320.56,1183.81,0.1392
2164,PhoenixWear UE-17,Streetwear,Performance,S,white,4574.5,2482.58,2091.92,0.4573
2165,PhoenixWear UE-18,Streetwear,Performance,M,purple,7994.64,6223.83,1770.81,0.2215
2166,PhoenixWear UE-19,Streetwear,Performance,L,green,7559.37,4870.5,2688.87,0.3557
2167,PhoenixWear UE-20,Streetwear,Performance,XL,silver,6928.53,6582.1,346.43,0.05
2168,PhoenixWear UE-21,Streetwear,Performance,S,pink,5039.37,4227.53,811.84,0.1611
2169,PhoenixWear UE-22,Streetwear,Performance,M,yellow,6603.96,3515.95,3088.01,0.4676
2170,PhoenixWear UE-23,Streetwear,Performance,L,red,8441.37,5207.48,3233.89,0.3831
2327,VietMotion UE-01,Streetwear,Performance,XL,silver,7343.28,6976.11,367.17,0.05
2328,VietMotion UE-02,Streetwear,Performance,S,pink,4409.37,4087.93,321.44,0.0729
2329,VietMotion UE-03,Streetwear,Performance,M,yellow,25.01,15.38,9.63,0.385
2330,VietMotion UE-04,Streetwear,Performance,L,red,8976.87,5674.28,3302.59,0.3679
2331,VietMotion UE-05,Streetwear,Performance,XL,black,7365.66,6671.82,693.84,0.0942
2332,VietMotion UE-06,Streetwear,Performance,S,orange,5799.63,4554.45,1245.18,0.2147
2333,VietMotion UE-07,Streetwear,Performance,M,blue,29.05,18.39,10.66,0.367
2334,VietMotion UE-08,Streetwear,Performance,L,white,4289.18,2661.44,1627.74,0.3795
2335,VietMotion UE-09,Streetwear,Performance,XL,purple,28.31,16.15,12.16,0.4295
2336,VietMotion UE-10,Streetwear,Performance,S,green,8688.96,8254.52,434.44,0.05
2337,VietMotion UE-11,Streetwear,Performance,M,silver,5033.7,3153.61,1880.09,0.3735
2338,VietMotion UE-12,Streetwear,Performance,L,pink,18.44,10.16,8.28,0.449
2339,VietMotion UE-13,Streetwear,Performance,XL,yellow,37.28,21.01,16.27,0.4364
2340,VietMotion UE-14,Streetwear,Performance,S,red,5543.37,5210.77,332.6,0.06
2341,VietMotion UE-15,Streetwear,Performance,M,black,5457.51,5184.63,272.88,0.05
2342,VietMotion UE-16,Streetwear,Performance,L,orange,36.76,23.53,13.23,0.3599
2343,VietMotion UE-17,Streetwear,Performance,XL,blue,5703.51,4446.46,1257.05,0.2204
2344,VietMotion UE-18,Streetwear,Performance,S,white,33.18,21.15,12.03,0.3626
2345,VietMotion UE-19,Streetwear,Performance,M,purple,5244.73,4313.27,931.46,0.1776
2346,VietMotion UE-20,Streetwear,Performance,L,green,30.15,18.38,11.77,0.3904
2347,VietMotion UE-21,Streetwear,Performance,XL,silver,18.8,11.47,7.33,0.3899
2348,VietMotion UE-22,Streetwear,Performance,S,pink,9921.93,6549.46,3372.47,0.3399
2349,VietMotion UE-23,Streetwear,Performance,M,yellow,27.99,17.25,10.74,0.3837
2350,VietMotion UE-24,Streetwear,Performance,L,red,4649.9,4417.4,232.5,0.05
2351,VietMotion UE-25,Streetwear,Performance,XL,black,28.87,16.39,12.48,0.4323
2352,VietMotion UE-26,Streetwear,Performance,S,orange,4441.32,3680.97,760.35,0.1712
280,LotusWear UE-01,Streetwear,Performance,S,red,12596.85,11967.01,629.84,0.05
281,LotusWear UE-02,Streetwear,Performance,M,black,15746.85,8750.52,6996.33,0.4443
282,LotusWear UE-03,Streetwear,Performance,L,orange,14486.85,12008.15,2478.7,0.1711
283,LotusWear UE-04,Streetwear,Performance,XL,blue,24.02,15.41,8.61,0.3585
284,LotusWear UE-05,Streetwear,Performance,S,white,31.05,18.38,12.67,0.4081
285,LotusWear UE-06,Streetwear,Performance,M,purple,38.92,22.9,16.02,0.4116
286,LotusWear UE-07,Streetwear,Performance,L,green,70.42,42.39,28.03,0.398
287,LotusWear UE-08,Streetwear,Performance,XL,silver,35.51,19.7,15.81,0.4452
288,LotusWear UE-09,Streetwear,Performance,S,pink,36.71,20.8,15.91,0.4334
289,LotusWear UE-10,Streetwear,Performance,M,yellow,10606.05,10075.75,530.3,0.05
290,LotusWear UE-11,Streetwear,Performance,L,red,32.14,20.05,12.09,0.3762
291,LotusWear UE-12,Streetwear,Performance,XL,black,9887.85,9393.46,494.39,0.05
292,LotusWear UE-13,Streetwear,Performance,S,orange,8269.87,7282.45,987.42,0.1194
293,LotusWear UE-14,Streetwear,Performance,M,blue,8405.19,6159.33,2245.86,0.2672
294,LotusWear UE-15,Streetwear,Performance,L,white,9446.85,8663.71,783.14,0.0829
295,LotusWear UE-16,Streetwear,Performance,XL,purple,12596.85,8588.53,4008.32,0.3182
296,LotusWear UE-17,Streetwear,Performance,S,green,27716.85,14598.46,13118.39,0.4733
297,LotusWear UE-18,Streetwear,Performance,M,silver,8483.48,6521.25,1962.23,0.2313
298,LotusWear UE-19,Streetwear,Performance,L,pink,15.37,8.58,6.79,0.4418
299,LotusWear UE-20,Streetwear,Performance,XL,yellow,8584.02,4506.61,4077.41,0.475
300,LotusWear UE-21,Streetwear,Performance,S,red,9320.85,6524.6,2796.25,0.3
301,LotusWear UE-22,Streetwear,Performance,M,black,32.77,20.0,12.77,0.3897
302,LotusWear UE-23,Streetwear,Performance,L,orange,33.92,19.49,14.43,0.4254
303,LotusWear UE-24,Streetwear,Performance,XL,blue,88.7,52.24,36.46,0.411
304,LotusWear UE-25,Streetwear,Performance,S,white,11204.15,7121.36,4082.79,0.3644
305,LotusWear UE-26,Streetwear,Performance,M,purple,18589.78,11094.38,7495.4,0.4032
306,LotusWear UE-27,Streetwear,Performance,L,green,14648.61,7768.16,6880.45,0.4697
307,LotusWear UE-28,Streetwear,Performance,XL,silver,13856.85,8174.16,5682.69,0.4101
308,LotusWear UE-29,Streetwear,Performance,S,pink,15162.95,10231.96,4930.99,0.3252
309,LotusWear UE-30,Streetwear,Performance,M,yellow,40950.0,30319.38,10630.62,0.2596
310,LotusWear UE-31,Streetwear,Performance,L,red,11336.85,10173.69,1163.16,0.1026
311,LotusWear UE-32,Streetwear,Performance,XL,black,7633.68,6058.09,1575.59,0.2064
312,LotusWear UE-33,Streetwear,Performance,S,orange,9320.85,8854.81,466.04,0.05
313,LotusWear UE-34,Streetwear,Performance,M,blue,9131.85,5436.19,3695.66,0.4047
314,LotusWear UE-35,Streetwear,Performance,L,white,30.66,17.75,12.91,0.4211
315,LotusWear UE-36,Streetwear,Performance,XL,purple,37.36,21.88,15.48,0.4143
316,LotusWear UE-37,Streetwear,Performance,S,green,32.66,20.31,12.35,0.3781
317,LotusWear UE-38,Streetwear,Performance,M,silver,20.75,12.03,8.72,0.4202
318,LotusWear UE-39,Streetwear,Performance,L,pink,10553.85,5995.64,4558.21,0.4319
319,LotusWear UE-40,Streetwear,Performance,XL,yellow,13226.85,10914.8,2312.05,0.1748
320,LotusWear UE-41,Streetwear,Performance,S,red,52.31,31.73,20.58,0.3934
321,LotusWear UE-42,Streetwear,Performance,M,black,11235.5,10673.73,561.77,0.05
322,LotusWear UE-43,Streetwear,Performance,L,orange,8816.85,7946.63,870.22,0.0987
323,LotusWear UE-44,Streetwear,Performance,XL,blue,9450.0,6288.98,3161.02,0.3345
324,LotusWear UE-45,Streetwear,Performance,S,white,13905.65,7827.49,6078.16,0.4371
325,LotusWear UE-46,Streetwear,Performance,M,purple,6645.98,4429.54,2216.44,0.3335
326,LotusWear UE-47,Streetwear,Performance,L,green,8344.35,5868.58,2475.77,0.2967
327,LotusWear UE-48,Streetwear,Performance,XL,silver,14014.35,13313.63,700.72,0.05
328,LotusWear UE-49,Streetwear,Performance,S,pink,44.74,26.73,18.01,0.4025
329,LotusWear UE-50,Streetwear,Performance,M,yellow,45.44,28.01,17.43,0.3836
330,LotusWear UE-51,Streetwear,Performance,L,red,6926.85,6520.94,405.91,0.0586
331,LotusWear UE-52,Streetwear,Performance,XL,black,11147.85,10590.46,557.39,0.05
332,LotusWear UE-53,Streetwear,Performance,S,orange,11613.77,9075.0,2538.77,0.2186
333,LotusWear UE-54,Streetwear,Performance,M,blue,9807.47,8751.21,1056.26,0.1077
334,LotusWear UE-55,Streetwear,Performance,L,white,25196.85,23937.01,1259.84,0.05
335,LotusWear UE-56,Streetwear,Performance,XL,purple,10391.85,9872.26,519.59,0.05
336,LotusWear UE-57,Streetwear,Performance,S,green,11336.85,10770.01,566.84,0.05
337,LotusWear UE-58,Streetwear,Performance,M,silver,18896.85,11857.77,7039.08,0.3725
338,LotusWear UE-59,Streetwear,Performance,L,pink,17636.85,11541.55,6095.3,0.3456
339,LotusWear UE-60,Streetwear,Performance,XL,yellow,9215.85,6827.1,2388.75,0.2592
340,LotusWear UE-61,Streetwear,Performance,S,red,23.02,14.82,8.2,0.3562
341,LotusWear UE-62,Streetwear,Performance,M,black,5011.65,4215.8,795.85,0.1588
342,LotusWear UE-63,Streetwear,Performance,L,orange,8412.98,7352.1,1060.88,0.1261
343,LotusWear UE-64,Streetwear,Performance,XL,blue,58.04,36.17,21.87,0.3768
344,LotusWear UE-65,Streetwear,Performance,S,white,18.9,10.8,8.1,0.4286
345,LotusWear UE-66,Streetwear,Performance,M,purple,41.88,23.16,18.72,0.447
346,LotusWear UE-67,Streetwear,Performance,L,green,12596.85,11967.01,629.84,0.05
347,LotusWear UE-68,Streetwear,Performance,XL,silver,40950.0,38902.5,2047.5,0.05
348,LotusWear UE-69,Streetwear,Performance,S,pink,7556.85,5611.72,1945.13,0.2574
349,LotusWear UE-70,Streetwear,Performance,M,yellow,6296.85,5735.17,561.68,0.0892
350,LotusWear UE-71,Streetwear,Performance,L,red,6949.76,6602.27,347.49,0.05
351,LotusWear UE-72,Streetwear,Performance,XL,black,14045.85,8674.72,5371.13,0.3824
352,LotusWear UE-73,Streetwear,Performance,S,orange,12596.85,11250.25,1346.6,0.1069
353,LotusWear UE-74,Streetwear,Performance,M,blue,20786.85,15267.94,5518.91,0.2655
354,LotusWear UE-75,Streetwear,Performance,L,white,13924.6,13228.37,696.23,0.05
355,LotusWear UE-76,Streetwear,Performance,XL,purple,5576.85,2954.62,2622.23,0.4702
356,LotusWear UE-77,Streetwear,Performance,S,green,5234.41,4911.45,322.96,0.0617
357,LotusWear UE-78,Streetwear,Performance,M,silver,79.53,45.83,33.7,0.4237
358,LotusWear UE-79,Streetwear,Performance,L,pink,22.28,13.58,8.7,0.3905
359,LotusWear UE-80,Streetwear,Performance,XL,yellow,13730.85,13044.31,686.54,0.05
360,LotusWear UE-81,Streetwear,Performance,S,red,9338.85,6702.49,2636.36,0.2823
361,LotusWear UE-82,Streetwear,Performance,M,black,5023.15,3094.26,1928.89,0.384
362,LotusWear UE-83,Streetwear,Performance,L,orange,8816.85,4773.44,4043.41,0.4586
363,LotusWear UE-84,Streetwear,Performance,XL,blue,26.4,14.66,11.74,0.4447
364,LotusWear UE-85,Streetwear,Performance,S,white,14297.85,8923.29,5374.56,0.3759
365,LotusWear UE-86,Streetwear,Performance,M,purple,7556.85,4276.42,3280.43,0.4341
366,LotusWear UE-87,Streetwear,Performance,L,green,9131.85,6334.76,2797.09,0.3063
367,LotusWear UE-88,Streetwear,Performance,XL,silver,9257.85,8448.71,809.14,0.0874
368,LotusWear UE-89,Streetwear,Performance,S,pink,9257.85,7730.3,1527.55,0.165
369,LotusWear UE-90,Streetwear,Performance,M,yellow,10489.21,9695.18,794.03,0.0757
370,LotusWear UE-91,Streetwear,Performance,L,red,6485.85,3774.76,2711.09,0.418
371,LotusWear UE-92,Streetwear,Performance,XL,black,9446.85,8974.51,472.34,0.05
372,LotusWear UE-93,Streetwear,Performance,S,orange,11966.85,6104.29,5862.56,0.4899
373,LotusWear UE-94,Streetwear,Performance,M,blue,4532.85,3197.47,1335.38,0.2946
374,LotusWear UE-95,Streetwear,Performance,L,white,34.46,20.66,13.8,0.4005
375,LotusWear UE-96,Streetwear,Performance,XL,purple,9362.19,7022.58,2339.61,0.2499
376,LotusWear UE-97,Streetwear,Performance,S,green,27.07,16.51,10.56,0.3901
377,LotusWear UE-98,Streetwear,Performance,M,silver,17.81,10.39,7.42,0.4166
378,LotusWear UE-99,Streetwear,Performance,L,pink,9446.85,5805.09,3641.76,0.3855
379,LotusWear UE-00,Streetwear,Performance,XL,yellow,6296.85,5142.01,1154.84,0.1834
380,LotusWear UE-01,Streetwear,Performance,S,red,34.04,21.34,12.7,0.3731
381,LotusWear UE-02,Streetwear,Performance,M,black,21.65,12.14,9.51,0.4393
382,LotusWear UE-03,Streetwear,Performance,L,orange,11147.85,10315.11,832.74,0.0747
383,LotusWear UE-04,Streetwear,Performance,XL,blue,7286.85,6664.55,622.3,0.0854
384,LotusWear UE-05,Streetwear,Performance,S,white,12596.85,10771.57,1825.28,0.1449
385,LotusWear UE-06,Streetwear,Performance,M,purple,8816.85,7770.29,1046.56,0.1187
386,LotusWear UE-07,Streetwear,Performance,L,green,5761.35,3392.28,2369.07,0.4112
396,SaigonFlex UM-01,Streetwear,Balanced,S,green,11028.43,10091.01,937.42,0.085
397,SaigonFlex UM-02,Streetwear,Balanced,M,silver,17955.92,17058.12,897.8,0.05
398,SaigonFlex UM-03,Streetwear,Balanced,L,pink,18902.08,15269.1,3632.98,0.1922
399,SaigonFlex UM-04,Streetwear,Balanced,XL,yellow,40.02,22.31,17.71,0.4425
400,SaigonFlex UM-05,Streetwear,Balanced,S,red,9886.8,7227.25,2659.55,0.269
401,SaigonFlex UM-06,Streetwear,Balanced,M,black,11384.1,10814.9,569.2,0.05
402,SaigonFlex UM-07,Streetwear,Balanced,L,orange,12352.4,11202.39,1150.01,0.0931
403,SaigonFlex UM-08,Streetwear,Balanced,XL,blue,13752.81,7730.45,6022.36,0.4379
404,SaigonFlex UM-09,Streetwear,Balanced,S,white,22378.45,17936.33,4442.12,0.1985
405,SaigonFlex UM-10,Streetwear,Balanced,M,purple,22994.37,14155.33,8839.04,0.3844
406,SaigonFlex UM-11,Streetwear,Balanced,L,green,23003.53,15607.9,7395.63,0.3215
407,SaigonFlex UM-12,Streetwear,Balanced,XL,silver,19779.23,18790.27,988.96,0.05
408,SaigonFlex UM-13,Streetwear,Balanced,S,pink,16386.07,15566.76,819.31,0.05
409,SaigonFlex UM-14,Streetwear,Balanced,M,yellow,11606.28,10763.67,842.61,0.0726
410,SaigonFlex UM-15,Streetwear,Balanced,L,red,17643.05,16760.89,882.16,0.05
411,SaigonFlex UM-16,Streetwear,Balanced,XL,black,22.93,14.28,8.65,0.3772
412,SaigonFlex UM-17,Streetwear,Balanced,S,orange,19533.02,17015.22,2517.8,0.1289
413,SaigonFlex UM-18,Streetwear,Balanced,M,blue,14675.85,10280.43,4395.42,0.2995
414,SaigonFlex UM-19,Streetwear,Balanced,L,white,6484.53,4763.53,1721.0,0.2654
415,SaigonFlex UM-20,Streetwear,Balanced,XL,purple,9929.03,9299.53,629.5,0.0634
416,SaigonFlex UM-21,Streetwear,Balanced,S,green,10765.6,9498.49,1267.11,0.1177
417,SaigonFlex UM-22,Streetwear,Balanced,M,silver,11199.11,8260.46,2938.65,0.2624
418,SaigonFlex UM-23,Streetwear,Balanced,L,pink,10896.09,9394.61,1501.48,0.1378
419,SaigonFlex UM-24,Streetwear,Balanced,XL,yellow,18774.59,12475.71,6298.88,0.3355
420,SaigonFlex UM-25,Streetwear,Balanced,S,red,14672.77,13939.14,733.63,0.05
421,SaigonFlex UM-26,Streetwear,Balanced,M,black,21110.52,17857.39,3253.13,0.1541
422,SaigonFlex UM-27,Streetwear,Balanced,L,orange,10127.63,5669.45,4458.18,0.4402
423,SaigonFlex UM-28,Streetwear,Balanced,XL,blue,12518.48,11892.55,625.93,0.05
424,SaigonFlex UM-29,Streetwear,Balanced,S,white,20475.45,12027.28,8448.17,0.4126
425,SaigonFlex UM-30,Streetwear,Balanced,M,purple,12149.68,11542.2,607.48,0.05
426,SaigonFlex UM-31,Streetwear,Balanced,L,green,11422.28,9893.98,1528.3,0.1338
427,SaigonFlex UM-32,Streetwear,Balanced,XL,silver,12186.98,8692.97,3494.01,0.2867
428,SaigonFlex UM-33,Streetwear,Balanced,S,pink,14291.7,13021.17,1270.53,0.0889
429,SaigonFlex UM-34,Streetwear,Balanced,M,yellow,22679.37,16660.27,6019.1,0.2654
430,SaigonFlex UM-35,Streetwear,Balanced,L,red,11001.05,10451.0,550.05,0.05
431,SaigonFlex UM-36,Streetwear,Balanced,XL,black,12437.65,9655.35,2782.3,0.2237
432,SaigonFlex UM-37,Streetwear,Balanced,S,orange,11109.2,10553.74,555.46,0.05
433,SaigonFlex UM-38,Streetwear,Balanced,M,blue,11459.31,6543.27,4916.04,0.429
434,SaigonFlex UM-39,Streetwear,Balanced,L,white,61.56,36.91,24.65,0.4004
435,SaigonFlex UM-40,Streetwear,Balanced,XL,purple,20162.56,19154.43,1008.13,0.05
436,SaigonFlex UM-41,Streetwear,Balanced,S,green,22367.92,16637.26,5730.66,0.2562
437,SaigonFlex UM-42,Streetwear,Balanced,M,silver,9651.8,9169.21,482.59,0.05
438,SaigonFlex UM-43,Streetwear,Balanced,L,pink,11718.53,6680.73,5037.8,0.4299
439,SaigonFlex UM-44,Streetwear,Balanced,XL,yellow,12969.81,12321.32,648.49,0.05
440,SaigonFlex UM-45,Streetwear,Balanced,S,red,19538.72,12420.77,7117.95,0.3643
441,SaigonFlex UM-46,Streetwear,Balanced,M,black,24.21,14.98,9.23,0.3812
442,SaigonFlex UM-47,Streetwear,Balanced,L,orange,9240.1,8778.09,462.01,0.05
443,SaigonFlex UM-48,Streetwear,Balanced,XL,blue,10801.31,6176.19,4625.12,0.4282
444,SaigonFlex UM-49,Streetwear,Balanced,S,white,13238.56,12576.63,661.93,0.05
445,SaigonFlex UM-50,Streetwear,Balanced,M,purple,10819.79,7440.77,3379.02,0.3123
446,SaigonFlex UM-51,Streetwear,Balanced,L,green,29.11,17.28,11.83,0.4064
447,SaigonFlex UM-52,Streetwear,Balanced,XL,silver,18516.82,14254.24,4262.58,0.2302
448,SaigonFlex UM-53,Streetwear,Balanced,S,pink,45.85,26.35,19.5,0.4253
449,SaigonFlex UM-54,Streetwear,Balanced,M,yellow,12600.87,11279.04,1321.83,0.1049
450,SaigonFlex UM-55,Streetwear,Balanced,L,red,20605.78,17102.8,3502.98,0.17
451,SaigonFlex UM-56,Streetwear,Balanced,XL,black,11090.67,8601.92,2488.75,0.2244
452,SaigonFlex UM-57,Streetwear,Balanced,S,orange,13107.43,7168.46,5938.97,0.4531
453,SaigonFlex UM-58,Streetwear,Balanced,M,blue,20.24,12.79,7.45,0.3681
454,SaigonFlex UM-59,Streetwear,Balanced,L,white,36.27,22.85,13.42,0.37
455,SaigonFlex UM-60,Streetwear,Balanced,XL,purple,11674.47,8494.34,3180.13,0.2724
456,SaigonFlex UM-61,Streetwear,Balanced,S,green,14175.28,10311.1,3864.18,0.2726
457,SaigonFlex UM-62,Streetwear,Balanced,M,silver,11969.92,6455.38,5514.54,0.4607
458,SaigonFlex UM-63,Streetwear,Balanced,L,pink,21423.25,16733.7,4689.55,0.2189
459,SaigonFlex UM-64,Streetwear,Balanced,XL,yellow,12111.79,8626.02,3485.77,0.2878
460,SaigonFlex UM-65,Streetwear,Balanced,S,red,10932.55,9115.56,1816.99,0.1662
461,SaigonFlex UM-66,Streetwear,Balanced,M,black,13863.65,13170.47,693.18,0.05
462,SaigonFlex UM-67,Streetwear,Balanced,L,orange,24321.98,20085.09,4236.89,0.1742
463,SaigonFlex UM-68,Streetwear,Balanced,XL,blue,55.86,34.6,21.26,0.3806
464,SaigonFlex UM-69,Streetwear,Balanced,S,white,7809.46,4229.6,3579.86,0.4584
465,SaigonFlex UM-70,Streetwear,Balanced,M,purple,14179.44,13470.47,708.97,0.05
466,SaigonFlex UM-71,Streetwear,Balanced,L,green,11204.62,8977.14,2227.48,0.1988
467,SaigonFlex UM-72,Streetwear,Balanced,XL,silver,11081.17,6350.62,4730.55,0.4269
468,SaigonFlex UM-73,Streetwear,Balanced,S,pink,17.41,10.05,7.36,0.4227
469,SaigonFlex UM-74,Streetwear,Balanced,M,yellow,35.65,21.71,13.94,0.391
470,SaigonFlex UM-75,Streetwear,Balanced,L,red,12524.87,7330.81,5194.06,0.4147
471,SaigonFlex UM-76,Streetwear,Balanced,XL,black,11232.98,10671.33,561.65,0.05
472,SaigonFlex UM-77,Streetwear,Balanced,S,orange,11541.58,10964.5,577.08,0.05
473,SaigonFlex UM-78,Streetwear,Balanced,M,blue,18458.3,13679.45,4778.85,0.2589
474,SaigonFlex UM-79,Streetwear,Balanced,L,white,36.74,21.54,15.2,0.4137
475,SaigonFlex UM-80,Streetwear,Balanced,XL,purple,12606.23,10040.86,2565.37,0.2035
476,SaigonFlex UM-81,Streetwear,Balanced,S,green,23472.73,14022.61,9450.12,0.4026
477,SaigonFlex UM-82,Streetwear,Balanced,M,silver,16438.63,10491.13,5947.5,0.3618
478,SaigonFlex UM-83,Streetwear,Balanced,L,pink,17103.87,10599.27,6504.6,0.3803
479,SaigonFlex UM-84,Streetwear,Balanced,XL,yellow,11566.75,8072.43,3494.32,0.3021
480,SaigonFlex UM-85,Streetwear,Balanced,S,red,45.27,25.32,19.95,0.4407
481,SaigonFlex UM-86,Streetwear,Balanced,M,black,9576.34,9097.53,478.81,0.05
482,SaigonFlex UM-87,Streetwear,Balanced,L,orange,7907.13,6264.03,1643.1,0.2078
483,SaigonFlex UM-88,Streetwear,Balanced,XL,blue,19535.01,18558.26,976.75,0.05
484,SaigonFlex UM-89,Streetwear,Balanced,S,white,15627.15,11739.12,3888.03,0.2488
485,SaigonFlex UM-90,Streetwear,Balanced,M,purple,10231.44,9719.87,511.57,0.05
486,SaigonFlex UM-91,Streetwear,Balanced,L,green,11767.72,6218.06,5549.66,0.4716
487,SaigonFlex UM-92,Streetwear,Balanced,XL,silver,13019.8,11027.77,1992.03,0.153
488,SaigonFlex UM-93,Streetwear,Balanced,S,pink,12855.29,8786.59,4068.7,0.3165
489,SaigonFlex UM-94,Streetwear,Balanced,M,yellow,10349.29,7115.14,3234.15,0.3125
490,SaigonFlex UM-95,Streetwear,Balanced,L,red,9468.39,5174.48,4293.91,0.4535
491,SaigonFlex UM-96,Streetwear,Balanced,XL,black,11060.08,10507.08,553.0,0.05
492,SaigonFlex UM-97,Streetwear,Balanced,S,orange,11054.69,9357.8,1696.89,0.1535
493,SaigonFlex UM-98,Streetwear,Balanced,M,blue,11636.1,11054.3,581.8,0.05
494,SaigonFlex UM-99,Streetwear,Balanced,L,white,19351.39,13062.19,6289.2,0.325
495,SaigonFlex UM-00,Streetwear,Balanced,XL,purple,8656.97,6242.54,2414.43,0.2789
496,SaigonFlex UM-01,Streetwear,Balanced,S,green,11338.43,10771.51,566.92,0.05
497,SaigonFlex UM-02,Streetwear,Balanced,M,silver,17957.93,17060.03,897.9,0.05
498,SaigonFlex UM-03,Streetwear,Balanced,L,pink,17636.85,15859.06,1777.79,0.1008
499,SaigonFlex UM-04,Streetwear,Balanced,XL,yellow,11293.21,6445.04,4848.17,0.4293
500,SaigonFlex UM-05,Streetwear,Balanced,S,red,10989.31,8723.31,2266.0,0.2062
501,SaigonFlex UM-06,Streetwear,Balanced,M,black,13211.57,7279.58,5931.99,0.449
502,SaigonFlex UM-07,Streetwear,Balanced,L,orange,13275.3,10121.09,3154.21,0.2376
503,SaigonFlex UM-08,Streetwear,Balanced,XL,blue,21108.8,18867.05,2241.75,0.1062
504,SaigonFlex UM-09,Streetwear,Balanced,S,white,22059.31,14451.05,7608.26,0.3449
505,SaigonFlex UM-10,Streetwear,Balanced,M,purple,23693.58,17609.07,6084.51,0.2568
506,SaigonFlex UM-11,Streetwear,Balanced,L,green,15456.91,14463.03,993.88,0.0643
507,SaigonFlex UM-12,Streetwear,Balanced,XL,silver,24574.29,23345.58,1228.71,0.05
508,SaigonFlex UM-13,Streetwear,Balanced,S,pink,11576.45,7095.21,4481.24,0.3871
509,SaigonFlex UM-14,Streetwear,Balanced,M,yellow,20.19,12.96,7.23,0.3581
510,SaigonFlex UM-15,Streetwear,Balanced,L,red,11057.59,10398.56,659.03,0.0596
511,SaigonFlex UM-16,Streetwear,Balanced,XL,black,20805.12,13741.78,7063.34,0.3395
74,DragonWear UM-01,Streetwear,Balanced,L,white,13273.38,8752.46,4520.92,0.3406
75,DragonWear UM-02,Streetwear,Balanced,XL,purple,19.53,11.01,8.52,0.4363
76,DragonWear UM-03,Streetwear,Balanced,S,green,10388.7,9422.55,966.15,0.093
77,DragonWear UM-04,Streetwear,Balanced,M,silver,40.8,26.32,14.48,0.3549
78,DragonWear UM-05,Streetwear,Balanced,L,pink,37.29,22.17,15.12,0.4055
79,DragonWear UM-06,Streetwear,Balanced,XL,yellow,36.61,20.81,15.8,0.4316
80,DragonWear UM-07,Streetwear,Balanced,S,red,38.04,22.98,15.06,0.3959
81,DragonWear UM-08,Streetwear,Balanced,M,black,25.23,16.08,9.15,0.3627
82,DragonWear UM-09,Streetwear,Balanced,L,orange,36.34,22.65,13.69,0.3767
83,DragonWear UM-10,Streetwear,Balanced,XL,blue,37.23,23.48,13.75,0.3693
84,DragonWear UM-11,Streetwear,Balanced,S,white,24.88,15.33,9.55,0.3838
85,DragonWear UM-12,Streetwear,Balanced,M,purple,69.85,43.25,26.6,0.3808
86,DragonWear UM-13,Streetwear,Balanced,L,green,14175.0,13466.25,708.75,0.05
87,DragonWear UM-14,Streetwear,Balanced,XL,silver,40.03,25.41,14.62,0.3652
88,DragonWear UM-15,Streetwear,Balanced,S,pink,10710.0,5994.39,4715.61,0.4403
89,DragonWear UM-16,Streetwear,Balanced,M,yellow,10073.7,6682.89,3390.81,0.3366
90,DragonWear UM-17,Streetwear,Balanced,L,red,20.56,11.82,8.74,0.4251
91,DragonWear UM-18,Streetwear,Balanced,XL,black,43.06,25.79,17.27,0.4011
92,DragonWear UM-19,Streetwear,Balanced,S,orange,11626.6,9137.35,2489.25,0.2141
93,DragonWear UM-20,Streetwear,Balanced,M,blue,12532.03,7611.96,4920.07,0.3926
94,DragonWear UM-21,Streetwear,Balanced,L,white,10703.7,9943.74,759.96,0.071
95,DragonWear UM-22,Streetwear,Balanced,XL,purple,22.42,12.83,9.59,0.4277
96,DragonWear UM-23,Streetwear,Balanced,S,green,45.37,29.43,15.94,0.3513
97,DragonWear UM-24,Streetwear,Balanced,M,silver,7609.36,3939.37,3669.99,0.4823
98,DragonWear UM-25,Streetwear,Balanced,L,pink,52.64,33.92,18.72,0.3556
99,DragonWear UM-26,Streetwear,Balanced,XL,yellow,9443.7,8971.52,472.18,0.05
100,DragonWear UM-27,Streetwear,Balanced,S,red,12474.0,7666.52,4807.48,0.3854
101,DragonWear UM-28,Streetwear,Balanced,M,black,23.85,13.21,10.64,0.4461
102,DragonWear UM-29,Streetwear,Balanced,L,orange,48.68,30.21,18.47,0.3794
103,DragonWear UM-30,Streetwear,Balanced,XL,blue,10425.18,7115.18,3310.0,0.3175
104,DragonWear UM-31,Streetwear,Balanced,S,white,39.06,25.1,13.96,0.3574
105,DragonWear UM-32,Streetwear,Balanced,M,purple,46.01,26.14,19.87,0.4319
106,DragonWear UM-33,Streetwear,Balanced,L,green,11626.29,11044.98,581.31,0.05
107,DragonWear UM-34,Streetwear,Balanced,XL,silver,6788.19,4684.53,2103.66,0.3099
108,DragonWear UM-35,Streetwear,Balanced,S,pink,11844.0,9063.03,2780.97,0.2348
109,DragonWear UM-36,Streetwear,Balanced,M,yellow,14767.08,14028.72,738.36,0.05
110,DragonWear UM-37,Streetwear,Balanced,L,red,70.72,42.91,27.81,0.3932
111,DragonWear UM-38,Streetwear,Balanced,XL,black,9513.0,9037.35,475.65,0.05
112,DragonWear UM-39,Streetwear,Balanced,S,orange,30.02,19.26,10.76,0.3584
113,DragonWear UM-40,Streetwear,Balanced,M,blue,24.5,13.56,10.94,0.4465
114,DragonWear UM-41,Streetwear,Balanced,L,white,10640.7,5747.04,4893.66,0.4599
115,DragonWear UM-42,Streetwear,Balanced,XL,purple,10818.75,9215.41,1603.34,0.1482
116,DragonWear UM-43,Streetwear,Balanced,S,green,23.2,14.38,8.82,0.3802
117,DragonWear UM-44,Streetwear,Balanced,M,silver,23.9,13.85,10.05,0.4205
118,DragonWear UM-45,Streetwear,Balanced,L,pink,18868.5,10428.62,8439.88,0.4473
119,DragonWear UM-46,Streetwear,Balanced,XL,yellow,32.11,20.63,11.48,0.3575
120,DragonWear UM-47,Streetwear,Balanced,S,red,37.96,24.56,13.4,0.353
121,DragonWear UM-48,Streetwear,Balanced,M,black,36.99,23.84,13.15,0.3555
122,DragonWear UM-49,Streetwear,Balanced,L,orange,46.1,27.54,18.56,0.4026
123,DragonWear UM-50,Streetwear,Balanced,XL,blue,33.29,21.18,12.11,0.3638
124,DragonWear UM-51,Streetwear,Balanced,S,white,59.23,37.58,21.65,0.3655
125,DragonWear UM-52,Streetwear,Balanced,M,purple,6671.7,6338.12,333.58,0.05
126,DragonWear UM-53,Streetwear,Balanced,L,green,29.79,17.33,12.46,0.4183
127,DragonWear UM-54,Streetwear,Balanced,XL,silver,98.3,62.22,36.08,0.367
128,DragonWear UM-55,Streetwear,Balanced,S,pink,42.53,23.55,18.98,0.4463
129,DragonWear UM-56,Streetwear,Balanced,M,yellow,23.5,14.33,9.17,0.3902
199,IndigoViet UM-01,Streetwear,Balanced,XL,yellow,15105.67,11904.78,3200.89,0.2119
200,IndigoViet UM-02,Streetwear,Balanced,S,red,14491.71,8826.9,5664.81,0.3909
201,IndigoViet UM-03,Streetwear,Balanced,M,black,18386.83,15661.91,2724.92,0.1482
202,IndigoViet UM-04,Streetwear,Balanced,L,orange,16231.72,15420.13,811.59,0.05
203,IndigoViet UM-05,Streetwear,Balanced,XL,blue,12468.7,11003.63,1465.07,0.1175
204,IndigoViet UM-06,Streetwear,Balanced,S,white,10730.29,6927.47,3802.82,0.3544
205,IndigoViet UM-07,Streetwear,Balanced,M,purple,12837.05,7742.03,5095.02,0.3969
206,IndigoViet UM-08,Streetwear,Balanced,L,green,10546.53,5820.63,4725.9,0.4481
207,IndigoViet UM-09,Streetwear,Balanced,XL,silver,11575.16,8926.76,2648.4,0.2288
208,IndigoViet UM-10,Streetwear,Balanced,S,pink,17521.54,9855.86,7665.68,0.4375
209,IndigoViet UM-11,Streetwear,Balanced,M,yellow,19214.37,13083.06,6131.31,0.3191
210,IndigoViet UM-12,Streetwear,Balanced,L,red,15511.57,10377.24,5134.33,0.331
223,LotusWear UM-01,Streetwear,Balanced,XL,blue,10136.85,5587.43,4549.42,0.4488
224,LotusWear UM-02,Streetwear,Balanced,S,white,7682.09,5061.73,2620.36,0.3411
225,LotusWear UM-03,Streetwear,Balanced,M,purple,9131.85,5558.56,3573.29,0.3913
226,LotusWear UM-04,Streetwear,Balanced,L,green,8879.85,8435.86,443.99,0.05
227,LotusWear UM-05,Streetwear,Balanced,XL,silver,9546.1,5405.95,4140.15,0.4337
228,LotusWear UM-06,Streetwear,Balanced,S,pink,7714.35,4099.41,3614.94,0.4686
817,HanoiStreet UM-01,Streetwear,Balanced,M,silver,4913.37,3947.89,965.48,0.1965
818,HanoiStreet UM-02,Streetwear,Balanced,L,pink,21.58,12.36,9.22,0.4272
819,HanoiStreet UM-03,Streetwear,Balanced,XL,yellow,14579.5,12477.14,2102.36,0.1442
820,HanoiStreet UM-04,Streetwear,Balanced,S,red,12599.37,11653.16,946.21,0.0751
821,HanoiStreet UM-05,Streetwear,Balanced,M,black,40.16,22.57,17.59,0.438
822,HanoiStreet UM-06,Streetwear,Balanced,L,orange,4674.73,4440.99,233.74,0.05
823,HanoiStreet UM-07,Streetwear,Balanced,XL,blue,7496.37,7121.55,374.82,0.05
824,HanoiStreet UM-08,Streetwear,Balanced,S,white,5543.37,4445.23,1098.14,0.1981
825,HanoiStreet UM-09,Streetwear,Balanced,M,purple,30.28,16.89,13.39,0.4422
826,HanoiStreet UM-10,Streetwear,Balanced,L,green,12730.41,12093.89,636.52,0.05
827,HanoiStreet UM-11,Streetwear,Balanced,XL,silver,7496.37,6075.81,1420.56,0.1895
828,HanoiStreet UM-12,Streetwear,Balanced,S,pink,10146.74,8943.33,1203.41,0.1186
829,HanoiStreet UM-13,Streetwear,Balanced,M,yellow,3815.56,2691.12,1124.44,0.2947
830,HanoiStreet UM-14,Streetwear,Balanced,L,red,44.06,27.3,16.76,0.3804
831,HanoiStreet UM-15,Streetwear,Balanced,XL,black,40.02,23.37,16.65,0.416
832,HanoiStreet UM-16,Streetwear,Balanced,S,orange,32.16,20.02,12.14,0.3775
833,HanoiStreet UM-17,Streetwear,Balanced,M,blue,23.6,13.13,10.47,0.4436
834,HanoiStreet UM-18,Streetwear,Balanced,L,white,13229.37,10026.54,3202.83,0.2421
835,HanoiStreet UM-19,Streetwear,Balanced,XL,purple,6299.37,5984.4,314.97,0.05
836,HanoiStreet UM-20,Streetwear,Balanced,S,green,10079.37,9571.37,508.0,0.0504
837,HanoiStreet UM-21,Streetwear,Balanced,M,silver,10059.68,9556.7,502.98,0.05
838,HanoiStreet UM-22,Streetwear,Balanced,L,pink,10919.37,10373.4,545.97,0.05
839,HanoiStreet UM-23,Streetwear,Balanced,XL,yellow,9597.87,7830.9,1766.97,0.1841
840,HanoiStreet UM-24,Streetwear,Balanced,S,red,11024.37,9145.82,1878.55,0.1704
841,HanoiStreet UM-25,Streetwear,Balanced,M,black,18.07,10.51,7.56,0.4184
842,HanoiStreet UM-26,Streetwear,Balanced,L,orange,9071.37,6994.93,2076.44,0.2289
843,HanoiStreet UM-27,Streetwear,Balanced,XL,blue,6299.37,5984.4,314.97,0.05
844,HanoiStreet UM-28,Streetwear,Balanced,S,white,27.7,16.73,10.97,0.396
845,HanoiStreet UM-29,Streetwear,Balanced,M,purple,46.64,29.34,17.3,0.3709
846,HanoiStreet UM-30,Streetwear,Balanced,L,green,6985.37,6636.1,349.27,0.05
847,HanoiStreet UM-31,Streetwear,Balanced,XL,silver,6929.37,5692.48,1236.89,0.1785
848,HanoiStreet UM-32,Streetwear,Balanced,S,pink,36.08,20.99,15.09,0.4182
849,HanoiStreet UM-33,Streetwear,Balanced,M,yellow,4137.99,3139.08,998.91,0.2414
850,HanoiStreet UM-34,Streetwear,Balanced,L,red,20.12,12.33,7.79,0.3872
851,HanoiStreet UM-35,Streetwear,Balanced,XL,black,35.49,22.66,12.83,0.3615
852,HanoiStreet UM-36,Streetwear,Balanced,S,orange,9109.17,8653.71,455.46,0.05
853,HanoiStreet UM-37,Streetwear,Balanced,M,blue,5165.37,4329.61,835.76,0.1618
854,HanoiStreet UM-38,Streetwear,Balanced,L,white,8770.99,8332.44,438.55,0.05
1027,MekongStyle UM-01,Streetwear,Balanced,XL,silver,14736.28,13999.47,736.81,0.05
1028,MekongStyle UM-02,Streetwear,Balanced,S,pink,13423.98,12210.45,1213.53,0.0904
1124,MekongFit UM-01,Streetwear,Balanced,S,white,8199.46,7789.49,409.97,0.05
1125,MekongFit UM-02,Streetwear,Balanced,M,purple,11760.37,9002.56,2757.81,0.2345
1126,MekongFit UM-03,Streetwear,Balanced,L,green,8742.78,6289.56,2453.22,0.2806
1127,MekongFit UM-04,Streetwear,Balanced,XL,silver,9359.51,8891.53,467.98,0.05
1128,MekongFit UM-05,Streetwear,Balanced,S,pink,11024.37,6125.14,4899.23,0.4444
1129,MekongFit UM-06,Streetwear,Balanced,M,yellow,5529.82,3583.33,1946.49,0.352
1130,MekongFit UM-07,Streetwear,Balanced,L,red,11780.37,10067.5,1712.87,0.1454
1131,MekongFit UM-08,Streetwear,Balanced,XL,black,5230.9,3135.92,2094.98,0.4005
1132,MekongFit UM-09,Streetwear,Balanced,S,orange,7701.12,4741.58,2959.54,0.3843
1133,MekongFit UM-10,Streetwear,Balanced,M,blue,7748.37,4407.27,3341.1,0.4312
1134,MekongFit UM-11,Streetwear,Balanced,L,white,11011.57,8816.96,2194.61,0.1993
1135,MekongFit UM-12,Streetwear,Balanced,XL,purple,11528.37,10951.95,576.42,0.05
1136,MekongFit UM-13,Streetwear,Balanced,S,green,9134.37,8677.65,456.72,0.05
1137,MekongFit UM-14,Streetwear,Balanced,M,silver,9511.97,5349.53,4162.44,0.4376
1138,MekongFit UM-15,Streetwear,Balanced,L,pink,2691.99,1457.98,1234.01,0.4584
1139,MekongFit UM-16,Streetwear,Balanced,XL,yellow,8189.18,6091.93,2097.25,0.2561
1140,MekongFit UM-17,Streetwear,Balanced,S,red,9570.26,5120.09,4450.17,0.465
1141,MekongFit UM-18,Streetwear,Balanced,M,black,10507.85,9982.46,525.39,0.05
1142,MekongFit UM-19,Streetwear,Balanced,L,orange,8326.33,7398.78,927.55,0.1114
1143,MekongFit UM-20,Streetwear,Balanced,XL,blue,6625.84,6294.55,331.29,0.05
1749,SaigonCore UM-01,Streetwear,Balanced,M,yellow,7101.19,6343.49,757.7,0.1067
1750,SaigonCore UM-02,Streetwear,Balanced,L,red,4962.51,2940.29,2022.22,0.4075
1751,SaigonCore UM-03,Streetwear,Balanced,XL,black,8189.37,6178.06,2011.31,0.2456
1752,SaigonCore UM-04,Streetwear,Balanced,S,orange,9766.06,9277.76,488.3,0.05
1753,SaigonCore UM-05,Streetwear,Balanced,M,blue,11333.7,6682.35,4651.35,0.4104
1754,SaigonCore UM-06,Streetwear,Balanced,L,white,38.63,23.63,15.0,0.3883
1863,BambooCraft UM-01,Streetwear,Balanced,XL,blue,10115.1,6342.17,3772.93,0.373
1864,BambooCraft UM-02,Streetwear,Balanced,S,white,11978.29,7438.52,4539.77,0.379
1865,BambooCraft UM-03,Streetwear,Balanced,M,purple,23.25,13.33,9.92,0.4267
1866,BambooCraft UM-04,Streetwear,Balanced,L,green,13638.15,9430.78,4207.37,0.3085
1867,BambooCraft UM-05,Streetwear,Balanced,XL,silver,11388.25,5870.64,5517.61,0.4845
1868,BambooCraft UM-06,Streetwear,Balanced,S,pink,14247.51,13535.14,712.37,0.05
1869,BambooCraft UM-07,Streetwear,Balanced,M,yellow,11339.37,7381.93,3957.44,0.349
1870,BambooCraft UM-08,Streetwear,Balanced,L,red,10134.11,9627.4,506.71,0.05
1871,BambooCraft UM-09,Streetwear,Balanced,XL,black,12087.15,7307.89,4779.26,0.3954
1872,BambooCraft UM-10,Streetwear,Balanced,S,orange,15214.6,10097.93,5116.67,0.3363
1873,BambooCraft UM-11,Streetwear,Balanced,M,blue,9675.6,9191.82,483.78,0.05
1874,BambooCraft UM-12,Streetwear,Balanced,L,white,10118.75,9612.81,505.94,0.05
1875,BambooCraft UM-13,Streetwear,Balanced,XL,purple,13973.85,11114.8,2859.05,0.2046
1876,BambooCraft UM-14,Streetwear,Balanced,S,green,17668.01,16784.61,883.4,0.05
1877,BambooCraft UM-15,Streetwear,Balanced,M,silver,35.22,19.45,15.77,0.4478
1878,BambooCraft UM-16,Streetwear,Balanced,L,pink,9708.28,7207.43,2500.85,0.2576
1879,BambooCraft UM-17,Streetwear,Balanced,XL,yellow,12504.49,11879.27,625.22,0.05
1880,BambooCraft UM-18,Streetwear,Balanced,S,red,11356.87,6008.92,5347.95,0.4709
1881,BambooCraft UM-19,Streetwear,Balanced,M,black,11652.15,7134.61,4517.54,0.3877
1994,UrbanVN UM-01,Streetwear,Balanced,L,white,7359.57,5306.25,2053.32,0.279
1995,UrbanVN UM-02,Streetwear,Balanced,XL,purple,5159.31,3025.42,2133.89,0.4136
1996,UrbanVN UM-03,Streetwear,Balanced,S,green,33.9,21.59,12.31,0.3631
1997,UrbanVN UM-04,Streetwear,Balanced,M,silver,9479.09,7933.05,1546.04,0.1631
2110,PhoenixWear UM-01,Streetwear,Balanced,L,red,10835.37,10293.6,541.77,0.05
2111,PhoenixWear UM-02,Streetwear,Balanced,XL,black,6929.37,5689.01,1240.36,0.179
2112,PhoenixWear UM-03,Streetwear,Balanced,S,orange,6863.71,6505.42,358.29,0.0522
2113,PhoenixWear UM-04,Streetwear,Balanced,M,blue,20.96,11.57,9.39,0.448
2114,PhoenixWear UM-05,Streetwear,Balanced,L,white,10851.12,5601.35,5249.77,0.4838
2115,PhoenixWear UM-06,Streetwear,Balanced,XL,purple,7572.4,5696.72,1875.68,0.2477
2116,PhoenixWear UM-07,Streetwear,Balanced,S,green,6892.44,6547.82,344.62,0.05
2117,PhoenixWear UM-08,Streetwear,Balanced,M,silver,8322.37,7906.25,416.12,0.05
2118,PhoenixWear UM-09,Streetwear,Balanced,L,pink,38.21,24.36,13.85,0.3625
2119,PhoenixWear UM-10,Streetwear,Balanced,XL,yellow,8315.37,7063.91,1251.46,0.1505
2120,PhoenixWear UM-11,Streetwear,Balanced,S,red,6667.37,3474.37,3193.0,0.4789
2121,PhoenixWear UM-12,Streetwear,Balanced,M,black,7559.25,6029.26,1529.99,0.2024
2122,PhoenixWear UM-13,Streetwear,Balanced,L,orange,12072.09,9086.66,2985.43,0.2473
2123,PhoenixWear UM-14,Streetwear,Balanced,XL,blue,7489.43,5615.57,1873.86,0.2502
2124,PhoenixWear UM-15,Streetwear,Balanced,S,white,10854.36,6990.21,3864.15,0.356
2286,VietMotion UM-01,Streetwear,Balanced,L,green,8937.97,8294.44,643.53,0.072
2287,VietMotion UM-02,Streetwear,Balanced,XL,silver,10079.37,7890.13,2189.24,0.2172
2288,VietMotion UM-03,Streetwear,Balanced,S,pink,41.44,24.99,16.45,0.397
2289,VietMotion UM-04,Streetwear,Balanced,M,yellow,11018.7,9739.43,1279.27,0.1161
2290,VietMotion UM-05,Streetwear,Balanced,L,red,9669.87,7081.25,2588.62,0.2677
2291,VietMotion UM-06,Streetwear,Balanced,XL,black,11018.7,7937.87,3080.83,0.2796
2292,VietMotion UM-07,Streetwear,Balanced,S,orange,8635.54,6930.88,1704.66,0.1974
2293,VietMotion UM-08,Streetwear,Balanced,M,blue,9638.37,9156.45,481.92,0.05
2294,VietMotion UM-09,Streetwear,Balanced,L,white,51.07,32.89,18.18,0.356
2295,VietMotion UM-10,Streetwear,Balanced,XL,purple,10934.45,10387.73,546.72,0.05
2296,VietMotion UM-11,Streetwear,Balanced,S,green,10640.7,8784.96,1855.74,0.1744
2297,VietMotion UM-12,Streetwear,Balanced,M,silver,50.48,31.79,18.69,0.3702
130,DragonWear UR-01,Streetwear,Standard,L,red,19.09,12.4,6.69,0.3504
131,DragonWear UR-02,Streetwear,Standard,XL,black,22.76,13.31,9.45,0.4152
132,DragonWear UR-03,Streetwear,Standard,S,orange,9387.0,7485.19,1901.81,0.2026
133,DragonWear UR-04,Streetwear,Standard,M,blue,8820.99,7253.5,1567.49,0.1777
134,DragonWear UR-05,Streetwear,Standard,L,white,40.69,25.5,15.19,0.3733
135,DragonWear UR-06,Streetwear,Standard,XL,purple,40.67,24.0,16.67,0.4099
136,DragonWear UR-07,Streetwear,Standard,S,green,5005.35,4469.78,535.57,0.107
137,DragonWear UR-08,Streetwear,Standard,M,silver,40.69,24.33,16.36,0.4021
138,DragonWear UR-09,Streetwear,Standard,L,pink,154.64,94.76,59.88,0.3872
139,DragonWear UR-10,Streetwear,Standard,XL,yellow,41.61,26.52,15.09,0.3627
140,DragonWear UR-11,Streetwear,Standard,S,red,52.16,33.82,18.34,0.3516
141,DragonWear UR-12,Streetwear,Standard,M,black,8183.7,7774.52,409.18,0.05
142,DragonWear UR-13,Streetwear,Standard,L,orange,48.5,30.4,18.1,0.3732
143,DragonWear UR-14,Streetwear,Standard,XL,blue,5549.75,3170.02,2379.73,0.4288
144,DragonWear UR-15,Streetwear,Standard,S,white,5789.7,5500.21,289.49,0.05
145,DragonWear UR-16,Streetwear,Standard,M,purple,42.97,25.43,17.54,0.4082
146,DragonWear UR-17,Streetwear,Standard,L,green,29.19,17.29,11.9,0.4077
147,DragonWear UR-18,Streetwear,Standard,XL,silver,44.86,27.98,16.88,0.3763
148,DragonWear UR-19,Streetwear,Standard,S,pink,8284.5,7108.1,1176.4,0.142
149,DragonWear UR-20,Streetwear,Standard,M,yellow,24.31,13.95,10.36,0.4262
150,DragonWear UR-21,Streetwear,Standard,L,red,6524.25,4447.58,2076.67,0.3183
151,DragonWear UR-22,Streetwear,Standard,XL,black,30.12,16.9,13.22,0.4389
152,DragonWear UR-23,Streetwear,Standard,S,orange,27.27,15.97,11.3,0.4144
153,DragonWear UR-24,Streetwear,Standard,M,blue,34.22,19.8,14.42,0.4214
154,DragonWear UR-25,Streetwear,Standard,L,white,83.58,48.45,35.13,0.4203
155,DragonWear UR-26,Streetwear,Standard,XL,purple,6032.25,5730.64,301.61,0.05
156,DragonWear UR-27,Streetwear,Standard,S,green,15.69,9.0,6.69,0.4264
157,DragonWear UR-28,Streetwear,Standard,M,silver,43.58,24.15,19.43,0.4458
158,DragonWear UR-29,Streetwear,Standard,L,pink,17.37,9.59,7.78,0.4479
159,DragonWear UR-30,Streetwear,Standard,XL,yellow,27.42,17.79,9.63,0.3512
160,DragonWear UR-31,Streetwear,Standard,S,red,8757.0,8319.15,437.85,0.05
161,DragonWear UR-32,Streetwear,Standard,M,black,51.19,30.35,20.84,0.4071
162,DragonWear UR-33,Streetwear,Standard,L,orange,33.98,19.99,13.99,0.4117
163,DragonWear UR-34,Streetwear,Standard,XL,blue,6636.26,4713.74,1922.52,0.2897
164,DragonWear UR-35,Streetwear,Standard,S,white,6815.39,3720.52,3094.87,0.4541
165,DragonWear UR-36,Streetwear,Standard,M,purple,8309.28,7893.82,415.46,0.05
166,DragonWear UR-37,Streetwear,Standard,L,green,21.52,13.3,8.22,0.382
167,DragonWear UR-38,Streetwear,Standard,XL,silver,24.88,14.22,10.66,0.4285
168,DragonWear UR-39,Streetwear,Standard,S,pink,43.46,28.03,15.43,0.355
169,DragonWear UR-40,Streetwear,Standard,M,yellow,24.73,15.54,9.19,0.3716
170,DragonWear UR-41,Streetwear,Standard,L,red,8793.62,5372.03,3421.59,0.3891
171,DragonWear UR-42,Streetwear,Standard,XL,black,36.11,20.18,15.93,0.4412
172,DragonWear UR-43,Streetwear,Standard,S,orange,33.72,19.96,13.76,0.4081
229,LotusWear UR-01,Streetwear,Standard,M,yellow,6513.15,4765.02,1748.13,0.2684
230,LotusWear UR-02,Streetwear,Standard,L,red,8186.85,7777.51,409.34,0.05
231,LotusWear UR-03,Streetwear,Standard,XL,black,8690.85,8180.7,510.15,0.0587
232,LotusWear UR-04,Streetwear,Standard,S,orange,25.52,16.28,9.24,0.3621
233,LotusWear UR-05,Streetwear,Standard,M,blue,4721.85,4485.76,236.09,0.05
234,LotusWear UR-06,Streetwear,Standard,L,white,5204.85,3942.15,1262.7,0.2426
235,LotusWear UR-07,Streetwear,Standard,XL,purple,6296.85,3378.26,2918.59,0.4635
236,LotusWear UR-08,Streetwear,Standard,S,green,6434.26,5945.25,489.01,0.076
237,LotusWear UR-09,Streetwear,Standard,M,silver,6401.85,3225.89,3175.96,0.4961
238,LotusWear UR-10,Streetwear,Standard,L,pink,4412.92,2846.33,1566.59,0.355
239,LotusWear UR-11,Streetwear,Standard,XL,yellow,4799.28,4433.58,365.7,0.0762
240,LotusWear UR-12,Streetwear,Standard,S,red,5537.75,5115.22,422.53,0.0763
241,LotusWear UR-13,Streetwear,Standard,M,black,5036.85,3089.6,1947.25,0.3866
242,LotusWear UR-14,Streetwear,Standard,L,orange,5564.34,3416.5,2147.84,0.386
243,LotusWear UR-15,Streetwear,Standard,XL,blue,7241.85,6524.91,716.94,0.099
244,LotusWear UR-16,Streetwear,Standard,S,white,7556.85,7036.18,520.67,0.0689
245,LotusWear UR-17,Streetwear,Standard,M,purple,78.07,50.31,27.76,0.3556
246,LotusWear UR-18,Streetwear,Standard,L,green,8877.43,4855.95,4021.48,0.453
247,LotusWear UR-19,Streetwear,Standard,XL,silver,4921.97,4675.87,246.1,0.05
248,LotusWear UR-20,Streetwear,Standard,S,pink,6826.62,5780.78,1045.84,0.1532
249,LotusWear UR-21,Streetwear,Standard,M,yellow,5036.85,3544.43,1492.42,0.2963
250,LotusWear UR-22,Streetwear,Standard,L,red,7556.85,6491.33,1065.52,0.141
251,LotusWear UR-23,Streetwear,Standard,XL,black,6941.39,5643.35,1298.04,0.187
252,LotusWear UR-24,Streetwear,Standard,S,orange,7556.85,4964.09,2592.76,0.3431
253,LotusWear UR-25,Streetwear,Standard,M,blue,8816.85,5025.6,3791.25,0.43
254,LotusWear UR-26,Streetwear,Standard,L,white,10076.85,8442.38,1634.47,0.1622
255,LotusWear UR-27,Streetwear,Standard,XL,purple,42.67,25.46,17.21,0.4033
256,LotusWear UR-28,Streetwear,Standard,S,green,5414.85,5144.11,270.74,0.05
257,LotusWear UR-29,Streetwear,Standard,M,silver,7052.85,5494.17,1558.68,0.221
258,LotusWear UR-30,Streetwear,Standard,L,pink,8186.85,7777.51,409.34,0.05
259,LotusWear UR-31,Streetwear,Standard,XL,yellow,7345.98,5610.13,1735.85,0.2363
260,LotusWear UR-32,Streetwear,Standard,S,red,7624.96,4062.58,3562.38,0.4672
261,LotusWear UR-33,Streetwear,Standard,M,black,9446.85,5966.63,3480.22,0.3684
262,LotusWear UR-34,Streetwear,Standard,L,orange,4721.85,4485.76,236.09,0.05
263,LotusWear UR-35,Streetwear,Standard,XL,blue,6926.85,5641.92,1284.93,0.1855
264,LotusWear UR-36,Streetwear,Standard,S,white,8501.85,4445.62,4056.23,0.4771
265,LotusWear UR-37,Streetwear,Standard,M,purple,7871.85,5976.31,1895.54,0.2408
266,LotusWear UR-38,Streetwear,Standard,L,green,8501.85,4850.31,3651.54,0.4295
267,LotusWear UR-39,Streetwear,Standard,XL,silver,4178.04,3405.11,772.93,0.185
268,LotusWear UR-40,Streetwear,Standard,S,pink,6170.85,3552.56,2618.29,0.4243
269,LotusWear UR-41,Streetwear,Standard,M,yellow,5414.85,3976.67,1438.18,0.2656
270,LotusWear UR-42,Streetwear,Standard,L,red,5477.85,4012.53,1465.32,0.2675
271,LotusWear UR-43,Streetwear,Standard,XL,black,6296.85,5982.01,314.84,0.05
272,LotusWear UR-44,Streetwear,Standard,S,orange,7556.85,5834.64,1722.21,0.2279
273,LotusWear UR-45,Streetwear,Standard,M,blue,5173.35,3073.49,2099.86,0.4059
274,LotusWear UR-46,Streetwear,Standard,L,white,7241.85,5346.66,1895.19,0.2617
275,LotusWear UR-47,Streetwear,Standard,XL,purple,9446.85,7969.36,1477.49,0.1564
276,LotusWear UR-48,Streetwear,Standard,S,green,5749.06,3331.58,2417.48,0.4205
277,LotusWear UR-49,Streetwear,Standard,M,silver,8678.25,6332.52,2345.73,0.2703
278,LotusWear UR-50,Streetwear,Standard,L,pink,4721.85,3265.16,1456.69,0.3085
279,LotusWear UR-51,Streetwear,Standard,XL,yellow,8186.85,6045.99,2140.86,0.2615
512,SaigonFlex UR-01,Streetwear,Standard,S,orange,2895.33,2518.94,376.39,0.13
855,HanoiStreet UR-01,Streetwear,Standard,XL,purple,14.73,9.01,5.72,0.3883
856,HanoiStreet UR-02,Streetwear,Standard,S,green,35.68,20.22,15.46,0.4333
857,HanoiStreet UR-03,Streetwear,Standard,M,silver,25.41,16.5,8.91,0.3506
858,HanoiStreet UR-04,Streetwear,Standard,L,pink,46.57,26.69,19.88,0.4269
859,HanoiStreet UR-05,Streetwear,Standard,XL,yellow,24.12,15.54,8.58,0.3557
860,HanoiStreet UR-06,Streetwear,Standard,S,red,7496.37,4533.05,2963.32,0.3953
861,HanoiStreet UR-07,Streetwear,Standard,M,black,31.63,19.45,12.18,0.3851
862,HanoiStreet UR-08,Streetwear,Standard,L,orange,2246.33,1699.8,546.53,0.2433
863,HanoiStreet UR-09,Streetwear,Standard,XL,blue,3653.37,3470.7,182.67,0.05
864,HanoiStreet UR-10,Streetwear,Standard,S,white,40.53,24.75,15.78,0.3893
865,HanoiStreet UR-11,Streetwear,Standard,M,purple,46.82,28.15,18.67,0.3988
866,HanoiStreet UR-12,Streetwear,Standard,L,green,20.49,11.74,8.75,0.427
867,HanoiStreet UR-13,Streetwear,Standard,XL,silver,28.97,16.44,12.53,0.4325
868,HanoiStreet UR-14,Streetwear,Standard,S,pink,27.39,15.67,11.72,0.4279
869,HanoiStreet UR-15,Streetwear,Standard,M,yellow,25.5,14.5,11.0,0.4314
870,HanoiStreet UR-16,Streetwear,Standard,L,red,67.1,42.14,24.96,0.372
871,HanoiStreet UR-17,Streetwear,Standard,XL,black,38.94,22.78,16.16,0.415
872,HanoiStreet UR-18,Streetwear,Standard,S,orange,20.0,11.11,8.89,0.4445
873,HanoiStreet UR-19,Streetwear,Standard,M,blue,47.81,30.93,16.88,0.3531
874,HanoiStreet UR-20,Streetwear,Standard,L,white,77.39,49.4,27.99,0.3617
875,HanoiStreet UR-21,Streetwear,Standard,XL,purple,6314.41,4917.67,1396.74,0.2212
876,HanoiStreet UR-22,Streetwear,Standard,S,green,6929.37,6582.9,346.47,0.05
877,HanoiStreet UR-23,Streetwear,Standard,M,silver,50.05,32.17,17.88,0.3572
878,HanoiStreet UR-24,Streetwear,Standard,L,pink,18.03,11.71,6.32,0.3505
879,HanoiStreet UR-25,Streetwear,Standard,XL,yellow,27.28,15.48,11.8,0.4326
880,HanoiStreet UR-26,Streetwear,Standard,S,red,54.97,32.41,22.56,0.4104
881,HanoiStreet UR-27,Streetwear,Standard,M,black,567.63,338.14,229.49,0.4043
882,HanoiStreet UR-28,Streetwear,Standard,L,orange,9197.37,8737.5,459.87,0.05
883,HanoiStreet UR-29,Streetwear,Standard,XL,blue,24.95,15.62,9.33,0.3739
884,HanoiStreet UR-30,Streetwear,Standard,S,white,39.55,24.5,15.05,0.3805
885,HanoiStreet UR-31,Streetwear,Standard,M,purple,45.14,25.52,19.62,0.4346
886,HanoiStreet UR-32,Streetwear,Standard,L,green,22.86,14.44,8.42,0.3683
887,HanoiStreet UR-33,Streetwear,Standard,XL,silver,32.34,18.51,13.83,0.4276
888,HanoiStreet UR-34,Streetwear,Standard,S,pink,9.06,5.18,3.88,0.4283
889,HanoiStreet UR-35,Streetwear,Standard,M,yellow,21.98,13.27,8.71,0.3963
890,HanoiStreet UR-36,Streetwear,Standard,L,red,29.93,18.24,11.69,0.3906
891,HanoiStreet UR-37,Streetwear,Standard,XL,black,20.1,12.22,7.88,0.392
1144,MekongFit UR-01,Streetwear,Standard,S,white,4987.52,4154.11,833.41,0.1671
1145,MekongFit UR-02,Streetwear,Standard,M,purple,4040.82,3302.97,737.85,0.1826
1146,MekongFit UR-03,Streetwear,Standard,L,green,63.62,35.57,28.05,0.4409
1147,MekongFit UR-04,Streetwear,Standard,XL,silver,18.69,11.92,6.77,0.3622
1148,MekongFit UR-05,Streetwear,Standard,S,pink,3768.47,2211.71,1556.76,0.4131
1149,MekongFit UR-06,Streetwear,Standard,M,yellow,440.37,418.35,22.02,0.05
1150,MekongFit UR-07,Streetwear,Standard,L,red,5337.0,4708.84,628.16,0.1177
1151,MekongFit UR-08,Streetwear,Standard,XL,black,27.77,16.01,11.76,0.4235
1152,MekongFit UR-09,Streetwear,Standard,S,orange,34.89,19.64,15.25,0.4371
1153,MekongFit UR-10,Streetwear,Standard,M,blue,4436.41,3930.21,506.2,0.1141
1154,MekongFit UR-11,Streetwear,Standard,L,white,58.94,37.65,21.29,0.3612
1155,MekongFit UR-12,Streetwear,Standard,XL,purple,5890.31,5044.46,845.85,0.1436
1156,MekongFit UR-13,Streetwear,Standard,S,green,4125.14,2224.27,1900.87,0.4608
1157,MekongFit UR-14,Streetwear,Standard,M,silver,4556.37,2443.13,2113.24,0.4638
1158,MekongFit UR-15,Streetwear,Standard,L,pink,18.65,12.04,6.61,0.3544
1159,MekongFit UR-16,Streetwear,Standard,XL,yellow,52.73,33.55,19.18,0.3637
1160,MekongFit UR-17,Streetwear,Standard,S,red,33.25,20.98,12.27,0.369
1161,MekongFit UR-18,Streetwear,Standard,M,black,22.36,13.76,8.6,0.3846
1162,MekongFit UR-19,Streetwear,Standard,L,orange,39.84,24.11,15.73,0.3948
1163,MekongFit UR-20,Streetwear,Standard,XL,blue,35.86,20.03,15.83,0.4414
1164,MekongFit UR-21,Streetwear,Standard,S,white,26.05,15.39,10.66,0.4092
1668,VietMode UR-01,Streetwear,Standard,S,pink,5164.74,2678.95,2485.79,0.4813
1669,VietMode UR-02,Streetwear,Standard,M,yellow,5227.74,4966.35,261.39,0.05
1670,VietMode UR-03,Streetwear,Standard,L,red,5353.74,4705.94,647.8,0.121
1755,SaigonCore UR-01,Streetwear,Standard,XL,purple,6236.37,4906.78,1329.59,0.2132
1756,SaigonCore UR-02,Streetwear,Standard,S,green,5663.7,5380.52,283.18,0.05
1757,SaigonCore UR-03,Streetwear,Standard,M,silver,6307.37,3885.97,2421.4,0.3839
1758,SaigonCore UR-04,Streetwear,Standard,L,pink,5789.7,5500.21,289.49,0.05
1759,SaigonCore UR-05,Streetwear,Standard,XL,yellow,5297.99,5033.09,264.9,0.05
1760,SaigonCore UR-06,Streetwear,Standard,S,red,8561.7,6144.73,2416.97,0.2823
1761,SaigonCore UR-07,Streetwear,Standard,M,black,10076.85,8257.98,1818.87,0.1805
1762,SaigonCore UR-08,Streetwear,Standard,L,orange,5510.7,5235.16,275.54,0.05
1763,SaigonCore UR-09,Streetwear,Standard,XL,blue,5743.99,5456.79,287.2,0.05
1764,SaigonCore UR-10,Streetwear,Standard,S,white,6828.57,5400.03,1428.54,0.2092
1765,SaigonCore UR-11,Streetwear,Standard,M,purple,2235.93,2124.13,111.8,0.05
1998,UrbanVN UR-01,Streetwear,Standard,L,pink,34.05,20.0,14.05,0.4126
1999,UrbanVN UR-02,Streetwear,Standard,XL,yellow,8126.37,5654.33,2472.04,0.3042
2000,UrbanVN UR-03,Streetwear,Standard,S,red,28.39,16.35,12.04,0.4241
2001,UrbanVN UR-04,Streetwear,Standard,M,black,34.65,21.57,13.08,0.3775
2002,UrbanVN UR-05,Streetwear,Standard,L,orange,43.16,25.88,17.28,0.4004
2003,UrbanVN UR-06,Streetwear,Standard,XL,blue,62.45,34.86,27.59,0.4418
2004,UrbanVN UR-07,Streetwear,Standard,S,white,5358.4,3888.59,1469.81,0.2743
2005,UrbanVN UR-08,Streetwear,Standard,M,purple,3684.87,2645.37,1039.5,0.2821
2006,UrbanVN UR-09,Streetwear,Standard,L,green,20.18,11.55,8.63,0.4277
2007,UrbanVN UR-10,Streetwear,Standard,XL,silver,77.73,48.06,29.67,0.3817
2008,UrbanVN UR-11,Streetwear,Standard,S,pink,15.17,8.46,6.71,0.4423
2009,UrbanVN UR-12,Streetwear,Standard,M,yellow,31.16,19.79,11.37,0.3649
2010,UrbanVN UR-13,Streetwear,Standard,L,red,41.9,25.12,16.78,0.4005
2011,UrbanVN UR-14,Streetwear,Standard,XL,black,37.05,22.16,14.89,0.4019
2012,UrbanVN UR-15,Streetwear,Standard,S,orange,4660.62,4277.05,383.57,0.0823
2013,UrbanVN UR-16,Streetwear,Standard,M,blue,25.81,15.73,10.08,0.3905
2014,UrbanVN UR-17,Streetwear,Standard,L,white,30.47,19.27,11.2,0.3676
2015,UrbanVN UR-18,Streetwear,Standard,XL,purple,4382.41,3917.0,465.41,0.1062
2016,UrbanVN UR-19,Streetwear,Standard,S,green,3743.54,1998.68,1744.86,0.4661
2017,UrbanVN UR-20,Streetwear,Standard,M,silver,27.19,15.9,11.29,0.4152
2018,UrbanVN UR-21,Streetwear,Standard,L,pink,26.16,16.16,10.0,0.3823
2019,UrbanVN UR-22,Streetwear,Standard,XL,yellow,46.52,28.22,18.3,0.3934
2020,UrbanVN UR-23,Streetwear,Standard,S,red,38.2,22.03,16.17,0.4233
2021,UrbanVN UR-24,Streetwear,Standard,M,black,25.1,16.01,9.09,0.3622
2022,UrbanVN UR-25,Streetwear,Standard,L,orange,2988.26,1860.49,1127.77,0.3774
2023,UrbanVN UR-26,Streetwear,Standard,XL,blue,47.46,29.89,17.57,0.3702
2024,UrbanVN UR-27,Streetwear,Standard,S,white,37.45,23.06,14.39,0.3842
2025,UrbanVN UR-28,Streetwear,Standard,M,purple,45.84,29.11,16.73,0.365
2026,UrbanVN UR-29,Streetwear,Standard,L,green,4409.37,2827.29,1582.08,0.3588
2027,UrbanVN UR-30,Streetwear,Standard,XL,silver,42.6,27.12,15.48,0.3634
2028,UrbanVN UR-31,Streetwear,Standard,S,pink,8504.37,5160.45,3343.92,0.3932
2029,UrbanVN UR-32,Streetwear,Standard,M,yellow,2519.37,2246.27,273.1,0.1084
2030,UrbanVN UR-33,Streetwear,Standard,L,red,23.77,14.76,9.01,0.379
2031,UrbanVN UR-34,Streetwear,Standard,XL,black,26.47,16.77,9.7,0.3665
2032,UrbanVN UR-35,Streetwear,Standard,S,orange,44.65,27.67,16.98,0.3803
2033,UrbanVN UR-36,Streetwear,Standard,M,blue,42.27,26.13,16.14,0.3818
2034,UrbanVN UR-37,Streetwear,Standard,L,white,5039.37,4787.4,251.97,0.05
2035,UrbanVN UR-38,Streetwear,Standard,XL,purple,32.84,20.09,12.75,0.3882
2036,UrbanVN UR-39,Streetwear,Standard,S,green,2521.25,2395.19,126.06,0.05
2037,UrbanVN UR-40,Streetwear,Standard,M,silver,34.71,21.7,13.01,0.3748
2038,UrbanVN UR-41,Streetwear,Standard,L,pink,55.21,31.24,23.97,0.4342
2039,UrbanVN UR-42,Streetwear,Standard,XL,yellow,4661.37,2832.71,1828.66,0.3923
2040,UrbanVN UR-43,Streetwear,Standard,S,red,26.14,16.68,9.46,0.3619
2125,PhoenixWear UR-01,Streetwear,Standard,M,purple,6173.37,4869.55,1303.82,0.2112
2126,PhoenixWear UR-02,Streetwear,Standard,L,green,5499.56,4003.13,1496.43,0.2721
2127,PhoenixWear UR-03,Streetwear,Standard,XL,silver,5036.85,4118.13,918.72,0.1824
2128,PhoenixWear UR-04,Streetwear,Standard,S,pink,4874.56,3880.64,993.92,0.2039
2129,PhoenixWear UR-05,Streetwear,Standard,M,yellow,41.22,26.26,14.96,0.3629
2130,PhoenixWear UR-06,Streetwear,Standard,L,red,30.54,16.89,13.65,0.447
2131,PhoenixWear UR-07,Streetwear,Standard,XL,black,5354.37,2739.3,2615.07,0.4884
2132,PhoenixWear UR-08,Streetwear,Standard,S,orange,4448.25,2596.44,1851.81,0.4163
2133,PhoenixWear UR-09,Streetwear,Standard,M,blue,5497.1,5222.25,274.85,0.05
2134,PhoenixWear UR-10,Streetwear,Standard,L,white,6133.82,5691.57,442.25,0.0721
2135,PhoenixWear UR-11,Streetwear,Standard,XL,purple,30.35,19.2,11.15,0.3674
2136,PhoenixWear UR-12,Streetwear,Standard,S,green,5342.82,4014.6,1328.22,0.2486
2137,PhoenixWear UR-13,Streetwear,Standard,M,silver,5666.85,5383.51,283.34,0.05
2138,PhoenixWear UR-14,Streetwear,Standard,L,pink,5385.87,4297.92,1087.95,0.202
2139,PhoenixWear UR-15,Streetwear,Standard,XL,yellow,51.39,28.93,22.46,0.4371
2140,PhoenixWear UR-16,Streetwear,Standard,S,red,6611.85,4492.09,2119.76,0.3206
2141,PhoenixWear UR-17,Streetwear,Standard,M,black,5669.37,3855.17,1814.2,0.32
2142,PhoenixWear UR-18,Streetwear,Standard,L,orange,6299.37,5456.51,842.86,0.1338
2143,PhoenixWear UR-19,Streetwear,Standard,XL,blue,5280.82,4593.78,687.04,0.1301
2144,PhoenixWear UR-20,Streetwear,Standard,S,white,5279.32,3096.85,2182.47,0.4134
2145,PhoenixWear UR-21,Streetwear,Standard,M,purple,4797.61,3923.97,873.64,0.1821
2146,PhoenixWear UR-22,Streetwear,Standard,L,green,4598.37,2925.48,1672.89,0.3638
2147,PhoenixWear UR-23,Streetwear,Standard,XL,silver,5889.87,3678.22,2211.65,0.3755
2298,VietMotion UR-01,Streetwear,Standard,L,pink,46.07,26.88,19.19,0.4165
2299,VietMotion UR-02,Streetwear,Standard,XL,yellow,45.85,28.63,17.22,0.3756
2300,VietMotion UR-03,Streetwear,Standard,S,red,55.82,31.6,24.22,0.4339
2301,VietMotion UR-04,Streetwear,Standard,M,black,33.39,21.1,12.29,0.3681
2302,VietMotion UR-05,Streetwear,Standard,L,orange,43.5,27.55,15.95,0.3667
2303,VietMotion UR-06,Streetwear,Standard,XL,blue,29.25,17.57,11.68,0.3993
2304,VietMotion UR-07,Streetwear,Standard,S,white,37.7,20.76,16.94,0.4493
2305,VietMotion UR-08,Streetwear,Standard,M,purple,31.44,18.19,13.25,0.4214
2306,VietMotion UR-09,Streetwear,Standard,L,green,34.43,21.06,13.37,0.3883
2307,VietMotion UR-10,Streetwear,Standard,XL,silver,3338.37,1819.41,1518.96,0.455
2308,VietMotion UR-11,Streetwear,Standard,S,pink,42.02,27.23,14.79,0.352
2309,VietMotion UR-12,Streetwear,Standard,M,yellow,3773.7,3585.01,188.69,0.05
2310,VietMotion UR-13,Streetwear,Standard,L,red,23.87,14.64,9.23,0.3867
2311,VietMotion UR-14,Streetwear,Standard,XL,black,76.47,44.05,32.42,0.424
2312,VietMotion UR-15,Streetwear,Standard,S,orange,22.14,13.58,8.56,0.3866
2313,VietMotion UR-16,Streetwear,Standard,M,blue,20.38,12.31,8.07,0.396
2314,VietMotion UR-17,Streetwear,Standard,L,white,52.63,33.05,19.58,0.372
2315,VietMotion UR-18,Streetwear,Standard,XL,purple,45.45,25.49,19.96,0.4392
2316,VietMotion UR-19,Streetwear,Standard,S,green,42.51,26.61,15.9,0.374
2317,VietMotion UR-20,Streetwear,Standard,M,silver,42.58,25.72,16.86,0.396
2318,VietMotion UR-21,Streetwear,Standard,L,pink,32.95,21.3,11.65,0.3536
2319,VietMotion UR-22,Streetwear,Standard,XL,yellow,23.13,13.51,9.62,0.4159
2320,VietMotion UR-23,Streetwear,Standard,S,red,34.13,20.93,13.2,0.3868
2321,VietMotion UR-24,Streetwear,Standard,M,black,25.26,16.25,9.01,0.3567
2322,VietMotion UR-25,Streetwear,Standard,L,orange,48.91,27.4,21.51,0.4398
2323,VietMotion UR-26,Streetwear,Standard,XL,blue,31.22,20.1,11.12,0.3562
2324,VietMotion UR-27,Streetwear,Standard,S,white,23.8,14.73,9.07,0.3811
2325,VietMotion UR-28,Streetwear,Standard,M,purple,1889.37,1169.71,719.66,0.3809
2326,VietMotion UR-29,Streetwear,Standard,L,green,29.12,16.21,12.91,0.4433
1,DragonWear MA-01,Casual,All-Weather,M,black,4945.5,2732.88,2212.62,0.4474
2,DragonWear MA-02,Casual,All-Weather,L,orange,39.06,22.66,16.4,0.4199
3,DragonWear MA-03,Casual,All-Weather,XL,blue,10831.38,10289.81,541.57,0.05
4,DragonWear MA-04,Casual,All-Weather,S,white,9610.76,5604.03,4006.73,0.4169
5,DragonWear MA-05,Casual,All-Weather,M,purple,8946.0,8498.7,447.3,0.05
6,DragonWear MA-06,Casual,All-Weather,L,green,26.43,16.41,10.02,0.3791
7,DragonWear MA-07,Casual,All-Weather,XL,silver,5307.0,3533.93,1773.07,0.3341
8,DragonWear MA-08,Casual,All-Weather,S,pink,5353.45,3709.4,1644.05,0.3071
9,DragonWear MA-09,Casual,All-Weather,M,yellow,7077.2,5879.03,1198.17,0.1693
10,DragonWear MA-10,Casual,All-Weather,L,red,8183.7,7774.51,409.19,0.05
11,DragonWear MA-11,Casual,All-Weather,XL,black,9135.0,6147.86,2987.14,0.327
12,DragonWear MA-12,Casual,All-Weather,S,orange,5345.96,3828.78,1517.18,0.2838
13,DragonWear MA-13,Casual,All-Weather,M,blue,5260.3,4066.74,1193.56,0.2269
14,DragonWear MA-14,Casual,All-Weather,L,white,4896.83,4396.86,499.97,0.1021
15,DragonWear MA-15,Casual,All-Weather,XL,purple,5669.37,3360.8,2308.57,0.4072
16,DragonWear MA-16,Casual,All-Weather,S,green,8536.5,7834.8,701.7,0.0822
17,DragonWear MA-17,Casual,All-Weather,M,silver,4848.11,4140.29,707.82,0.146
18,DragonWear MA-18,Casual,All-Weather,L,pink,4712.7,3098.13,1614.57,0.3426
19,DragonWear MA-19,Casual,All-Weather,XL,yellow,4445.52,4171.67,273.85,0.0616
20,DragonWear MA-20,Casual,All-Weather,S,red,6111.0,5284.18,826.82,0.1353
21,DragonWear MA-21,Casual,All-Weather,M,black,5165.07,4456.42,708.65,0.1372
22,DragonWear MA-22,Casual,All-Weather,L,orange,6615.0,3489.41,3125.59,0.4725
23,DragonWear MA-23,Casual,All-Weather,XL,blue,9103.5,5896.34,3207.16,0.3523
24,DragonWear MA-24,Casual,All-Weather,S,white,23.83,13.27,10.56,0.4431
25,DragonWear MA-25,Casual,All-Weather,M,purple,36.51,22.2,14.31,0.3919
26,DragonWear MA-26,Casual,All-Weather,L,green,9437.14,8226.36,1210.78,0.1283
27,DragonWear MA-27,Casual,All-Weather,XL,silver,5077.28,4735.07,342.21,0.0674
28,DragonWear MA-28,Casual,All-Weather,S,pink,5181.75,2631.29,2550.46,0.4922
29,DragonWear MA-29,Casual,All-Weather,M,yellow,6293.7,5979.02,314.68,0.05
30,DragonWear MA-30,Casual,All-Weather,L,red,10256.4,7812.3,2444.1,0.2383
31,DragonWear MA-31,Casual,All-Weather,XL,black,8993.32,7894.33,1098.99,0.1222
32,DragonWear MA-32,Casual,All-Weather,S,orange,36.52,21.35,15.17,0.4154
33,DragonWear MA-33,Casual,All-Weather,M,blue,27.04,16.55,10.49,0.3879
34,DragonWear MA-34,Casual,All-Weather,L,white,27.43,15.21,12.22,0.4455
35,DragonWear MA-35,Casual,All-Weather,XL,purple,5669.37,3727.04,1942.33,0.3426
36,DragonWear MA-36,Casual,All-Weather,S,green,5604.94,3526.07,2078.87,0.3709
37,DragonWear MA-37,Casual,All-Weather,M,silver,5449.5,5177.02,272.48,0.05
38,DragonWear MA-38,Casual,All-Weather,L,pink,5355.0,4705.97,649.03,0.1212
39,DragonWear MA-39,Casual,All-Weather,XL,yellow,36.34,23.15,13.19,0.363
40,DragonWear MA-40,Casual,All-Weather,S,red,12593.7,11964.02,629.68,0.05
41,DragonWear MA-41,Casual,All-Weather,M,black,10143.0,8305.09,1837.91,0.1812
42,DragonWear MA-42,Casual,All-Weather,L,orange,12927.6,9403.54,3524.06,0.2726
43,DragonWear MA-43,Casual,All-Weather,XL,blue,4898.85,4653.91,244.94,0.05
44,DragonWear MA-44,Casual,All-Weather,S,white,5039.37,4577.76,461.61,0.0916
45,DragonWear MA-45,Casual,All-Weather,M,purple,5669.37,3456.05,2213.32,0.3904
211,LotusWear MA-01,Casual,All-Weather,XL,black,18.56,12.01,6.55,0.3529
212,LotusWear MA-02,Casual,All-Weather,S,orange,18.86,12.2,6.66,0.3531
694,HanoiStreet MA-01,Casual,All-Weather,L,white,24.84,15.53,9.31,0.3748
695,HanoiStreet MA-02,Casual,All-Weather,XL,purple,30.41,17.12,13.29,0.437
696,HanoiStreet MA-03,Casual,All-Weather,S,green,37.5,23.47,14.03,0.3741
697,HanoiStreet MA-04,Casual,All-Weather,M,silver,59.75,33.01,26.74,0.4475
698,HanoiStreet MA-05,Casual,All-Weather,L,pink,46.67,25.77,20.9,0.4478
699,HanoiStreet MA-06,Casual,All-Weather,XL,yellow,2843.99,1924.53,919.46,0.3233
700,HanoiStreet MA-07,Casual,All-Weather,S,red,31.06,18.09,12.97,0.4176
701,HanoiStreet MA-08,Casual,All-Weather,M,black,32.86,19.68,13.18,0.4011
702,HanoiStreet MA-09,Casual,All-Weather,L,orange,3720.71,3306.6,414.11,0.1113
703,HanoiStreet MA-10,Casual,All-Weather,XL,blue,22.18,13.9,8.28,0.3733
704,HanoiStreet MA-11,Casual,All-Weather,S,white,32.87,20.33,12.54,0.3815
705,HanoiStreet MA-12,Casual,All-Weather,M,purple,29.5,17.54,11.96,0.4054
706,HanoiStreet MA-13,Casual,All-Weather,L,green,3401.37,3231.3,170.07,0.05
707,HanoiStreet MA-14,Casual,All-Weather,XL,silver,37.68,21.75,15.93,0.4228
708,HanoiStreet MA-15,Casual,All-Weather,S,pink,23.79,15.45,8.34,0.3506
709,HanoiStreet MA-16,Casual,All-Weather,M,yellow,40.76,24.16,16.6,0.4073
710,HanoiStreet MA-17,Casual,All-Weather,L,red,61.14,36.38,24.76,0.405
711,HanoiStreet MA-18,Casual,All-Weather,XL,black,2900.22,2181.54,718.68,0.2478
712,HanoiStreet MA-19,Casual,All-Weather,S,orange,31.71,17.96,13.75,0.4336
1043,MekongFit MA-01,Casual,All-Weather,XL,blue,4535.04,2953.22,1581.82,0.3488
1044,MekongFit MA-02,Casual,All-Weather,S,white,3432.87,3261.23,171.64,0.05
1045,MekongFit MA-03,Casual,All-Weather,M,purple,2541.87,1871.58,670.29,0.2637
1046,MekongFit MA-04,Casual,All-Weather,L,green,1243.62,1007.58,236.04,0.1898
1047,MekongFit MA-05,Casual,All-Weather,XL,silver,2653.82,1379.99,1273.83,0.48
1048,MekongFit MA-06,Casual,All-Weather,S,pink,1700.37,1294.32,406.05,0.2388
1049,MekongFit MA-07,Casual,All-Weather,M,yellow,3141.3,2842.56,298.74,0.0951
1050,MekongFit MA-08,Casual,All-Weather,L,red,3375.73,2155.4,1220.33,0.3615
1051,MekongFit MA-09,Casual,All-Weather,XL,black,38.89,24.48,14.41,0.3705
1052,MekongFit MA-10,Casual,All-Weather,S,orange,2991.81,2762.64,229.17,0.0766
1053,MekongFit MA-11,Casual,All-Weather,M,blue,3460.89,3287.85,173.04,0.05
1054,MekongFit MA-12,Casual,All-Weather,L,white,2960.37,2812.35,148.02,0.05
1726,SaigonCore MA-01,Casual,All-Weather,L,green,5417.37,3360.94,2056.43,0.3796
1727,SaigonCore MA-02,Casual,All-Weather,XL,silver,10073.7,7977.36,2096.34,0.2081
1728,SaigonCore MA-03,Casual,All-Weather,S,pink,5993.06,4755.49,1237.57,0.2065
1729,SaigonCore MA-04,Casual,All-Weather,M,yellow,5858.37,4860.1,998.27,0.1704
1730,SaigonCore MA-05,Casual,All-Weather,L,red,9553.27,6129.37,3423.9,0.3584
1731,SaigonCore MA-06,Casual,All-Weather,XL,black,5543.37,3675.25,1868.12,0.337
1908,UrbanVN MA-01,Casual,All-Weather,S,pink,5137.84,4880.95,256.89,0.05
1909,UrbanVN MA-02,Casual,All-Weather,M,yellow,2481.64,2028.49,453.15,0.1826
1910,UrbanVN MA-03,Casual,All-Weather,L,red,43.64,27.03,16.61,0.3806
1911,UrbanVN MA-04,Casual,All-Weather,XL,black,28.21,16.14,12.07,0.4279
1912,UrbanVN MA-05,Casual,All-Weather,S,orange,3973.69,2680.65,1293.04,0.3254
1913,UrbanVN MA-06,Casual,All-Weather,M,blue,36.22,20.22,16.0,0.4417
1914,UrbanVN MA-07,Casual,All-Weather,L,white,33.28,20.57,12.71,0.3819
1915,UrbanVN MA-08,Casual,All-Weather,XL,purple,5795.89,3976.56,1819.33,0.3139
1916,UrbanVN MA-09,Casual,All-Weather,S,green,3559.95,3381.95,178.0,0.05
1917,UrbanVN MA-10,Casual,All-Weather,M,silver,34.43,21.19,13.24,0.3845
1918,UrbanVN MA-11,Casual,All-Weather,L,pink,8819.37,8378.4,440.97,0.05
1919,UrbanVN MA-12,Casual,All-Weather,XL,yellow,24.31,14.03,10.28,0.4229
1920,UrbanVN MA-13,Casual,All-Weather,S,red,3366.6,3198.27,168.33,0.05
1921,UrbanVN MA-14,Casual,All-Weather,M,black,33.44,21.57,11.87,0.355
1922,UrbanVN MA-15,Casual,All-Weather,L,orange,40.41,22.84,17.57,0.4348
1923,UrbanVN MA-16,Casual,All-Weather,XL,blue,59.17,35.1,24.07,0.4068
1924,UrbanVN MA-17,Casual,All-Weather,S,white,4242.39,4030.27,212.12,0.05
1925,UrbanVN MA-18,Casual,All-Weather,M,purple,48.6,31.32,17.28,0.3556
2102,PhoenixWear MA-01,Casual,All-Weather,L,orange,6299.37,3167.32,3132.05,0.4972
2103,PhoenixWear MA-02,Casual,All-Weather,XL,blue,7489.31,4647.12,2842.19,0.3795
2104,PhoenixWear MA-03,Casual,All-Weather,S,white,6859.96,6101.93,758.03,0.1105
2105,PhoenixWear MA-04,Casual,All-Weather,M,purple,6929.37,3756.41,3172.96,0.4579
2106,PhoenixWear MA-05,Casual,All-Weather,L,green,10011.44,7381.43,2630.01,0.2627
2107,PhoenixWear MA-06,Casual,All-Weather,XL,silver,7874.37,5049.05,2825.32,0.3588
2187,VietMotion MA-01,Casual,All-Weather,XL,silver,78.36,46.39,31.97,0.408
2188,VietMotion MA-02,Casual,All-Weather,S,pink,24.36,14.96,9.4,0.3859
2189,VietMotion MA-03,Casual,All-Weather,M,yellow,3943.05,2853.58,1089.47,0.2763
2190,VietMotion MA-04,Casual,All-Weather,L,red,46.94,27.68,19.26,0.4103
2191,VietMotion MA-05,Casual,All-Weather,XL,black,35.64,20.58,15.06,0.4226
2192,VietMotion MA-06,Casual,All-Weather,S,orange,2587.68,2458.3,129.38,0.05
2193,VietMotion MA-07,Casual,All-Weather,M,blue,9177.04,5596.16,3580.88,0.3902
2194,VietMotion MA-08,Casual,All-Weather,L,white,79.51,51.56,27.95,0.3515
2195,VietMotion MA-09,Casual,All-Weather,XL,purple,23.97,14.16,9.81,0.4093
2196,VietMotion MA-10,Casual,All-Weather,S,green,23.67,15.13,8.54,0.3608
2197,VietMotion MA-11,Casual,All-Weather,M,silver,2982.69,2833.56,149.13,0.05
2198,VietMotion MA-12,Casual,All-Weather,L,pink,26.06,14.93,11.13,0.4271
2199,VietMotion MA-13,Casual,All-Weather,XL,yellow,2387.3,2267.93,119.37,0.05
2200,VietMotion MA-14,Casual,All-Weather,S,red,14.16,8.09,6.07,0.4287
2201,VietMotion MA-15,Casual,All-Weather,M,black,26.83,14.84,11.99,0.4469
2202,VietMotion MA-16,Casual,All-Weather,L,orange,3857.99,3393.11,464.88,0.1205
2203,VietMotion MA-17,Casual,All-Weather,XL,blue,10199.7,8504.51,1695.19,0.1662
68,DragonWear RS-01,Outdoor,Premium,S,pink,4398.87,4178.93,219.94,0.05
69,DragonWear RS-02,Outdoor,Premium,M,yellow,3910.22,3087.51,822.71,0.2104
70,DragonWear RS-03,Outdoor,Premium,L,red,5039.37,3891.4,1147.97,0.2278
71,DragonWear RS-04,Outdoor,Premium,XL,black,4787.37,4096.55,690.82,0.1443
72,DragonWear RS-05,Outdoor,Premium,S,orange,24.44,15.04,9.4,0.3846
73,DragonWear RS-06,Outdoor,Premium,M,blue,3882.46,3688.34,194.12,0.05
394,SaigonFlex RS-01,Outdoor,Premium,L,white,19686.87,17464.22,2222.65,0.1129
395,SaigonFlex RS-02,Outdoor,Premium,XL,purple,4595.85,3068.65,1527.2,0.3323
797,HanoiStreet RS-01,Outdoor,Premium,M,silver,3792.84,3178.4,614.44,0.162
798,HanoiStreet RS-02,Outdoor,Premium,L,pink,35.17,20.64,14.53,0.4131
799,HanoiStreet RS-03,Outdoor,Premium,XL,yellow,37.97,24.16,13.81,0.3637
800,HanoiStreet RS-04,Outdoor,Premium,S,red,3149.37,2034.18,1115.19,0.3541
801,HanoiStreet RS-05,Outdoor,Premium,M,black,3716.37,2604.43,1111.94,0.2992
802,HanoiStreet RS-06,Outdoor,Premium,L,orange,2015.37,1867.04,148.33,0.0736
803,HanoiStreet RS-07,Outdoor,Premium,XL,blue,1920.94,1129.13,791.81,0.4122
804,HanoiStreet RS-08,Outdoor,Premium,S,white,1932.17,1751.32,180.85,0.0936
805,HanoiStreet RS-09,Outdoor,Premium,M,purple,2267.37,1983.27,284.1,0.1253
806,HanoiStreet RS-10,Outdoor,Premium,L,green,13293.0,11389.44,1903.56,0.1432
807,HanoiStreet RS-11,Outdoor,Premium,XL,silver,2738.72,2004.19,734.53,0.2682
808,HanoiStreet RS-12,Outdoor,Premium,S,pink,4185.67,2473.31,1712.36,0.4091
809,HanoiStreet RS-13,Outdoor,Premium,M,yellow,2845.62,1471.18,1374.44,0.483
810,HanoiStreet RS-14,Outdoor,Premium,L,red,70.14,41.9,28.24,0.4026
811,HanoiStreet RS-15,Outdoor,Premium,XL,black,3149.37,2991.9,157.47,0.05
812,HanoiStreet RS-16,Outdoor,Premium,S,orange,6867.0,3823.55,3043.45,0.4432
813,HanoiStreet RS-17,Outdoor,Premium,M,blue,3464.37,3291.15,173.22,0.05
814,HanoiStreet RS-18,Outdoor,Premium,L,white,48.43,31.33,17.1,0.3531
815,HanoiStreet RS-19,Outdoor,Premium,XL,purple,26.29,14.95,11.34,0.4313
816,HanoiStreet RS-20,Outdoor,Premium,S,green,4614.08,3811.69,802.39,0.1739
1113,MekongFit RS-01,Outdoor,Premium,M,blue,1870.89,1564.63,306.26,0.1637
1114,MekongFit RS-02,Outdoor,Premium,L,white,2070.64,1556.5,514.14,0.2483
1115,MekongFit RS-03,Outdoor,Premium,XL,purple,4828.93,4587.48,241.45,0.05
1116,MekongFit RS-04,Outdoor,Premium,S,green,3151.46,1908.21,1243.25,0.3945
1117,MekongFit RS-05,Outdoor,Premium,M,silver,3681.74,2838.99,842.75,0.2289
1118,MekongFit RS-06,Outdoor,Premium,L,pink,4700.35,4323.85,376.5,0.0801
1119,MekongFit RS-07,Outdoor,Premium,XL,yellow,3527.37,3177.45,349.92,0.0992
1120,MekongFit RS-08,Outdoor,Premium,S,red,2225.38,2045.79,179.59,0.0807
1121,MekongFit RS-09,Outdoor,Premium,M,black,1007.37,957.0,50.37,0.05
1122,MekongFit RS-10,Outdoor,Premium,L,orange,1500.45,1425.43,75.02,0.05
1123,MekongFit RS-11,Outdoor,Premium,XL,blue,3137.22,1940.37,1196.85,0.3815
1746,SaigonCore RS-01,Outdoor,Premium,L,green,23.12,14.72,8.4,0.3633
1747,SaigonCore RS-02,Outdoor,Premium,XL,silver,40.32,25.31,15.01,0.3723
1748,SaigonCore RS-03,Outdoor,Premium,S,pink,19.53,12.25,7.28,0.3728
1982,UrbanVN RS-01,Outdoor,Premium,L,orange,3984.92,3601.97,382.95,0.0961
1983,UrbanVN RS-02,Outdoor,Premium,XL,blue,4409.37,3421.67,987.7,0.224
1984,UrbanVN RS-03,Outdoor,Premium,S,white,2204.37,1377.51,826.86,0.3751
1985,UrbanVN RS-04,Outdoor,Premium,M,purple,1920.87,1824.83,96.04,0.05
1986,UrbanVN RS-05,Outdoor,Premium,L,green,2015.37,1507.3,508.07,0.2521
1987,UrbanVN RS-06,Outdoor,Premium,XL,silver,1972.56,1723.42,249.14,0.1263
1988,UrbanVN RS-07,Outdoor,Premium,S,pink,68.89,43.71,25.18,0.3655
1989,UrbanVN RS-08,Outdoor,Premium,M,yellow,4632.06,4400.46,231.6,0.05
1990,UrbanVN RS-09,Outdoor,Premium,L,red,3180.1,2713.58,466.52,0.1467
1991,UrbanVN RS-10,Outdoor,Premium,XL,black,3784.94,3327.72,457.22,0.1208
1992,UrbanVN RS-11,Outdoor,Premium,S,orange,53.08,33.23,19.85,0.374
1993,UrbanVN RS-12,Outdoor,Premium,M,blue,1448.37,800.51,647.86,0.4473
2268,VietMotion RS-01,Outdoor,Premium,S,pink,27.45,16.82,10.63,0.3872
2269,VietMotion RS-02,Outdoor,Premium,M,yellow,3915.43,3719.66,195.77,0.05
2270,VietMotion RS-03,Outdoor,Premium,L,red,3778.76,3589.83,188.93,0.05
2271,VietMotion RS-04,Outdoor,Premium,XL,black,16.69,9.4,7.29,0.4368
2272,VietMotion RS-05,Outdoor,Premium,S,orange,56.91,31.49,25.42,0.4467
2273,VietMotion RS-06,Outdoor,Premium,M,blue,31.63,20.31,11.32,0.3579
2274,VietMotion RS-07,Outdoor,Premium,L,white,54.33,33.23,21.1,0.3884
2275,VietMotion RS-08,Outdoor,Premium,XL,purple,4487.59,3906.9,580.69,0.1294
2276,VietMotion RS-09,Outdoor,Premium,S,green,17.5,11.02,6.48,0.3703
2277,VietMotion RS-10,Outdoor,Premium,M,silver,3358.79,3190.85,167.94,0.05
2278,VietMotion RS-11,Outdoor,Premium,L,pink,26.06,15.59,10.47,0.4018
2279,VietMotion RS-12,Outdoor,Premium,XL,yellow,2006.37,1041.11,965.26,0.4811
2280,VietMotion RS-13,Outdoor,Premium,S,red,1977.48,1878.61,98.87,0.05
2281,VietMotion RS-14,Outdoor,Premium,M,black,33.18,18.64,14.54,0.4382
2282,VietMotion RS-15,Outdoor,Premium,L,orange,33.74,18.98,14.76,0.4375
2283,VietMotion RS-16,Outdoor,Premium,XL,blue,27.66,17.11,10.55,0.3814
2284,VietMotion RS-17,Outdoor,Premium,S,white,3915.94,2108.34,1807.6,0.4616
2285,VietMotion RS-18,Outdoor,Premium,M,purple,42.48,25.19,17.29,0.407
197,DragonWear YY-01,Genz,Trendy,M,silver,6041.7,5739.62,302.08,0.05
198,DragonWear YY-02,Genz,Trendy,L,pink,6293.7,3768.04,2525.66,0.4013
1000,HanoiStreet YY-01,Genz,Trendy,S,red,1188.35,915.38,272.97,0.2297
1001,HanoiStreet YY-02,Genz,Trendy,M,black,4904.03,3874.67,1029.36,0.2099
1002,HanoiStreet YY-03,Genz,Trendy,L,orange,3419.93,2547.51,872.42,0.2551
1003,HanoiStreet YY-04,Genz,Trendy,XL,blue,1038.87,986.93,51.94,0.05
1004,HanoiStreet YY-05,Genz,Trendy,S,white,21.61,12.32,9.29,0.4299
1005,HanoiStreet YY-06,Genz,Trendy,M,purple,1402.41,811.02,591.39,0.4217
1006,HanoiStreet YY-07,Genz,Trendy,L,green,1119.51,619.76,499.75,0.4464
1007,HanoiStreet YY-08,Genz,Trendy,XL,silver,5436.61,5164.78,271.83,0.05
1008,HanoiStreet YY-09,Genz,Trendy,S,pink,3261.77,2694.22,567.55,0.174
1009,HanoiStreet YY-10,Genz,Trendy,M,yellow,1383.88,862.57,521.31,0.3767
1010,HanoiStreet YY-11,Genz,Trendy,L,red,31.28,18.74,12.54,0.4009
1011,HanoiStreet YY-12,Genz,Trendy,XL,black,3527.37,2848.35,679.02,0.1925
1012,HanoiStreet YY-13,Genz,Trendy,S,orange,2141.37,1752.28,389.09,0.1817
1013,HanoiStreet YY-14,Genz,Trendy,M,blue,1259.37,1196.4,62.97,0.05
1014,HanoiStreet YY-15,Genz,Trendy,L,white,1038.87,951.4,87.47,0.0842
1015,HanoiStreet YY-16,Genz,Trendy,XL,purple,34.75,19.33,15.42,0.4437
1016,HanoiStreet YY-17,Genz,Trendy,S,green,40.68,24.74,15.94,0.3918
1017,HanoiStreet YY-18,Genz,Trendy,M,silver,3407.94,1959.91,1448.03,0.4249
1018,HanoiStreet YY-19,Genz,Trendy,L,pink,44.02,25.4,18.62,0.423
1019,HanoiStreet YY-20,Genz,Trendy,XL,yellow,2834.37,2543.0,291.37,0.1028
1020,HanoiStreet YY-21,Genz,Trendy,S,red,21.12,13.3,7.82,0.3703
1021,HanoiStreet YY-22,Genz,Trendy,M,black,17.93,10.42,7.51,0.4189
1022,HanoiStreet YY-23,Genz,Trendy,L,orange,1889.37,1779.79,109.58,0.058
1023,HanoiStreet YY-24,Genz,Trendy,XL,blue,3842.37,2315.41,1526.96,0.3974
1024,HanoiStreet YY-25,Genz,Trendy,S,white,55.21,32.88,22.33,0.4045
1025,HanoiStreet YY-26,Genz,Trendy,M,purple,37.82,20.85,16.97,0.4487
1026,HanoiStreet YY-27,Genz,Trendy,L,green,2172.87,1809.57,363.3,0.1672
1690,NamStyle YY-01,Genz,Trendy,L,red,1889.37,1538.51,350.86,0.1857
1691,NamStyle YY-02,Genz,Trendy,XL,black,2834.37,1825.9,1008.47,0.3558
1692,NamStyle YY-03,Genz,Trendy,S,orange,1205.09,1144.84,60.25,0.05
1693,NamStyle YY-04,Genz,Trendy,M,blue,3987.59,3788.21,199.38,0.05
1694,NamStyle YY-05,Genz,Trendy,L,white,24.55,13.68,10.87,0.4428
1695,NamStyle YY-06,Genz,Trendy,XL,purple,2015.37,1265.65,749.72,0.372
1696,NamStyle YY-07,Genz,Trendy,S,green,2204.37,2094.15,110.22,0.05
1697,NamStyle YY-08,Genz,Trendy,M,silver,2834.37,2279.68,554.69,0.1957
1698,NamStyle YY-09,Genz,Trendy,L,pink,1898.7,1803.77,94.93,0.05
1699,NamStyle YY-10,Genz,Trendy,XL,yellow,2088.48,1689.16,399.32,0.1912
1700,NamStyle YY-11,Genz,Trendy,S,red,1301.64,745.45,556.19,0.4273
1701,NamStyle YY-12,Genz,Trendy,M,black,3401.37,1813.95,1587.42,0.4667
1702,NamStyle YY-13,Genz,Trendy,L,orange,1322.37,1232.32,90.05,0.0681
1703,NamStyle YY-14,Genz,Trendy,XL,blue,1242.55,1180.42,62.13,0.05
1704,NamStyle YY-15,Genz,Trendy,S,white,1637.37,870.92,766.45,0.4681
1705,NamStyle YY-16,Genz,Trendy,M,purple,1812.58,1721.95,90.63,0.05
1706,NamStyle YY-17,Genz,Trendy,L,green,2828.07,2686.67,141.4,0.05
1707,NamStyle YY-18,Genz,Trendy,XL,silver,1539.97,1326.07,213.9,0.1389
1708,NamStyle YY-19,Genz,Trendy,S,pink,61.59,36.29,25.3,0.4108
1709,NamStyle YY-20,Genz,Trendy,M,yellow,34.68,20.74,13.94,0.402
1710,NamStyle YY-21,Genz,Trendy,L,red,3275.37,2180.09,1095.28,0.3344
1711,NamStyle YY-22,Genz,Trendy,XL,black,1386.88,1076.91,309.97,0.2235
1712,NamStyle YY-23,Genz,Trendy,S,orange,3086.37,2034.84,1051.53,0.3407
1713,NamStyle YY-24,Genz,Trendy,M,blue,1353.87,1286.18,67.69,0.05
1714,NamStyle YY-25,Genz,Trendy,L,white,1321.59,1255.51,66.08,0.05
1715,NamStyle YY-26,Genz,Trendy,XL,purple,3144.4,2987.18,157.22,0.05
1716,NamStyle YY-27,Genz,Trendy,S,green,4283.37,4069.2,214.17,0.05
1717,NamStyle YY-28,Genz,Trendy,M,silver,2204.37,1660.33,544.04,0.2468
1718,NamStyle YY-29,Genz,Trendy,L,pink,1889.37,1718.38,170.99,0.0905
1719,NamStyle YY-30,Genz,Trendy,XL,yellow,53.08,32.38,20.7,0.39
1720,NamStyle YY-31,Genz,Trendy,S,red,3527.37,2218.36,1309.01,0.3711
1721,NamStyle YY-32,Genz,Trendy,M,black,34.02,19.7,14.32,0.4209
1722,NamStyle YY-33,Genz,Trendy,L,orange,965.8,495.46,470.34,0.487
1723,NamStyle YY-34,Genz,Trendy,XL,blue,75.51,46.78,28.73,0.3805
1724,NamStyle YY-35,Genz,Trendy,S,white,66.83,42.5,24.33,0.3641
1725,NamStyle YY-36,Genz,Trendy,M,purple,1542.87,1465.73,77.14,0.05
1806,SaigonCore YY-01,Genz,Trendy,L,green,1385.37,1258.75,126.62,0.0914
1807,SaigonCore YY-02,Genz,Trendy,XL,silver,2141.37,1976.91,164.46,0.0768
1808,SaigonCore YY-03,Genz,Trendy,S,pink,1385.37,1090.42,294.95,0.2129
1809,SaigonCore YY-04,Genz,Trendy,M,yellow,2719.39,2583.43,135.96,0.05
1810,SaigonCore YY-05,Genz,Trendy,L,red,3308.54,1751.54,1557.0,0.4706
1811,SaigonCore YY-06,Genz,Trendy,XL,black,2708.37,2572.95,135.42,0.05
1812,SaigonCore YY-07,Genz,Trendy,S,orange,1103.37,1048.2,55.17,0.05
1813,SaigonCore YY-08,Genz,Trendy,M,blue,1700.37,905.28,795.09,0.4676
1814,SaigonCore YY-09,Genz,Trendy,L,white,6265.98,4713.27,1552.71,0.2478
1815,SaigonCore YY-10,Genz,Trendy,XL,purple,3912.07,3222.77,689.3,0.1762
1816,SaigonCore YY-11,Genz,Trendy,S,green,2229.07,1633.68,595.39,0.2671
1817,SaigonCore YY-12,Genz,Trendy,M,silver,2735.54,2598.76,136.78,0.05
1818,SaigonCore YY-13,Genz,Trendy,L,pink,2515.81,2390.02,125.79,0.05
1819,SaigonCore YY-14,Genz,Trendy,XL,yellow,3156.62,2453.01,703.61,0.2229
1820,SaigonCore YY-15,Genz,Trendy,S,red,4598.37,3172.88,1425.49,0.31
1821,SaigonCore YY-16,Genz,Trendy,M,black,3791.74,3602.16,189.58,0.05
1822,SaigonCore YY-17,Genz,Trendy,L,orange,4346.37,2195.35,2151.02,0.4949
1823,SaigonCore YY-18,Genz,Trendy,XL,blue,5480.37,4908.77,571.6,0.1043
1824,SaigonCore YY-19,Genz,Trendy,S,white,29.98,18.82,11.16,0.3722
1825,SaigonCore YY-20,Genz,Trendy,M,purple,1196.37,1136.55,59.82,0.05
1826,SaigonCore YY-21,Genz,Trendy,L,green,2652.66,2520.03,132.63,0.05
1827,SaigonCore YY-22,Genz,Trendy,XL,silver,3026.87,1800.68,1226.19,0.4051
1828,SaigonCore YY-23,Genz,Trendy,S,pink,3471.44,3117.35,354.09,0.102
1829,SaigonCore YY-24,Genz,Trendy,M,yellow,3934.18,3731.18,203.0,0.0516
1830,SaigonCore YY-25,Genz,Trendy,L,red,3707.16,2126.05,1581.11,0.4265
1831,SaigonCore YY-26,Genz,Trendy,XL,black,4346.37,4129.05,217.32,0.05
1832,SaigonCore YY-27,Genz,Trendy,S,orange,4371.09,3285.31,1085.78,0.2484
1833,SaigonCore YY-28,Genz,Trendy,M,blue,1408.51,1187.38,221.13,0.157
1834,SaigonCore YY-29,Genz,Trendy,L,white,3023.37,2052.87,970.5,0.321
1835,SaigonCore YY-30,Genz,Trendy,XL,purple,48.84,27.06,21.78,0.4459
1836,SaigonCore YY-31,Genz,Trendy,S,green,1705.58,1041.77,663.81,0.3892
1837,SaigonCore YY-32,Genz,Trendy,M,silver,1924.84,1828.6,96.24,0.05
1838,SaigonCore YY-33,Genz,Trendy,L,pink,3592.58,3074.17,518.41,0.1443
1839,SaigonCore YY-34,Genz,Trendy,XL,yellow,3149.37,1598.94,1550.43,0.4923
1840,SaigonCore YY-35,Genz,Trendy,S,red,3968.37,2471.1,1497.27,0.3773
1841,SaigonCore YY-36,Genz,Trendy,M,black,1826.37,1111.16,715.21,0.3916
1842,SaigonCore YY-37,Genz,Trendy,L,orange,3086.37,2932.05,154.32,0.05
1843,SaigonCore YY-38,Genz,Trendy,XL,blue,1704.79,1064.98,639.81,0.3753
1844,SaigonCore YY-39,Genz,Trendy,S,white,2026.1,1822.89,203.21,0.1003
1845,SaigonCore YY-40,Genz,Trendy,M,purple,1211.15,735.53,475.62,0.3927
1846,SaigonCore YY-41,Genz,Trendy,L,green,5606.37,3945.76,1660.61,0.2962
1847,SaigonCore YY-42,Genz,Trendy,XL,silver,1562.14,1484.03,78.11,0.05
1848,SaigonCore YY-43,Genz,Trendy,S,pink,4365.58,4147.3,218.28,0.05
1849,SaigonCore YY-44,Genz,Trendy,M,yellow,2771.37,2632.8,138.57,0.05
1850,SaigonCore YY-45,Genz,Trendy,L,red,1929.01,1460.84,468.17,0.2427
1851,SaigonCore YY-46,Genz,Trendy,XL,black,3909.23,2716.92,1192.31,0.305
1852,SaigonCore YY-47,Genz,Trendy,S,orange,2043.24,1941.08,102.16,0.05
1853,SaigonCore YY-48,Genz,Trendy,M,blue,4462.21,4239.1,223.11,0.05
1854,SaigonCore YY-49,Genz,Trendy,L,white,2267.37,1763.11,504.26,0.2224
1855,SaigonCore YY-50,Genz,Trendy,XL,purple,2934.64,2787.91,146.73,0.05
1856,SaigonCore YY-51,Genz,Trendy,S,green,1322.37,1104.31,218.06,0.1649
1857,SaigonCore YY-52,Genz,Trendy,M,silver,1203.7,1114.38,89.32,0.0742
1858,SaigonCore YY-53,Genz,Trendy,L,pink,3149.37,2862.78,286.59,0.091
1859,SaigonCore YY-54,Genz,Trendy,XL,yellow,1885.75,1552.16,333.59,0.1769
1860,SaigonCore YY-55,Genz,Trendy,S,red,2319.87,1394.47,925.4,0.3989
1861,SaigonCore YY-56,Genz,Trendy,M,black,1259.37,828.16,431.21,0.3424
1862,SaigonCore YY-57,Genz,Trendy,L,orange,2656.23,1842.63,813.6,0.3063
2097,UrbanVN YY-01,Genz,Trendy,M,silver,5908.77,5613.33,295.44,0.05
2098,UrbanVN YY-02,Genz,Trendy,L,pink,3660.2,3166.07,494.13,0.135
2099,UrbanVN YY-03,Genz,Trendy,XL,yellow,4994.56,4502.1,492.46,0.0986
2100,UrbanVN YY-04,Genz,Trendy,S,red,4801.85,2893.11,1908.74,0.3975
2101,UrbanVN YY-05,Genz,Trendy,M,black,42.87,25.64,17.23,0.4019
2392,VietMotion YY-01,Genz,Trendy,S,orange,57.25,32.09,25.16,0.4395
2393,VietMotion YY-02,Genz,Trendy,M,blue,1278.23,1214.32,63.91,0.05
2394,VietMotion YY-03,Genz,Trendy,L,white,1618.17,1252.47,365.7,0.226
2395,VietMotion YY-04,Genz,Trendy,XL,purple,1987.57,1152.39,835.18,0.4202
2396,VietMotion YY-05,Genz,Trendy,S,green,1182.85,799.02,383.83,0.3245
2397,VietMotion YY-06,Genz,Trendy,M,silver,22.51,12.93,9.58,0.4256
2398,VietMotion YY-07,Genz,Trendy,L,pink,43.57,28.26,15.31,0.3514
2399,VietMotion YY-08,Genz,Trendy,XL,yellow,1631.7,1550.12,81.58,0.05
2400,VietMotion YY-09,Genz,Trendy,S,red,1109.26,1053.8,55.46,0.05
2401,VietMotion YY-10,Genz,Trendy,M,black,2015.37,1140.9,874.47,0.4339
2402,VietMotion YY-11,Genz,Trendy,L,orange,3733.95,1874.44,1859.51,0.498
2403,VietMotion YY-12,Genz,Trendy,XL,blue,1616.8,850.28,766.52,0.4741
2404,VietMotion YY-13,Genz,Trendy,S,white,3296.85,2940.13,356.72,0.1082
2405,VietMotion YY-14,Genz,Trendy,M,purple,5084.87,2906.0,2178.87,0.4285
2406,VietMotion YY-15,Genz,Trendy,L,green,1085.29,871.27,214.02,0.1972
2407,VietMotion YY-16,Genz,Trendy,XL,silver,936.01,826.41,109.6,0.1171
2408,VietMotion YY-17,Genz,Trendy,S,pink,50.57,28.53,22.04,0.4358
2409,VietMotion YY-18,Genz,Trendy,M,yellow,16.39,9.83,6.56,0.4002
2410,VietMotion YY-19,Genz,Trendy,L,red,1234.17,1020.04,214.13,0.1735
2411,VietMotion YY-20,Genz,Trendy,XL,black,20.63,12.62,8.01,0.3883
2412,VietMotion YY-21,Genz,Trendy,S,orange,1233.09,836.53,396.56,0.3216
1563,VietMode RS-01,Outdoor,Premium,XL,blue,3463.74,3132.26,331.48,0.0957
1564,VietMode RS-02,Outdoor,Premium,S,white,4112.82,3718.4,394.42,0.0959
1565,VietMode RS-03,Outdoor,Premium,M,purple,3747.24,2006.27,1740.97,0.4646
1566,VietMode RS-04,Outdoor,Premium,L,green,4467.96,3904.1,563.86,0.1262
1567,VietMode RS-05,Outdoor,Premium,XL,silver,4999.05,4046.23,952.82,0.1906
1568,VietMode RS-06,Outdoor,Premium,S,pink,5303.07,3703.66,1599.41,0.3016
1569,VietMode RS-07,Outdoor,Premium,M,yellow,5039.37,2522.71,2516.66,0.4994
1570,VietMode RS-08,Outdoor,Premium,L,red,14.65,9.09,5.56,0.3795
1571,VietMode RS-09,Outdoor,Premium,XL,black,29.73,18.02,11.71,0.3939
1572,VietMode RS-10,Outdoor,Premium,S,orange,3873.24,2666.34,1206.9,0.3116
1573,VietMode RS-11,Outdoor,Premium,M,blue,44.12,24.31,19.81,0.449
1574,VietMode RS-12,Outdoor,Premium,L,white,60.4,35.19,25.21,0.4174
1575,VietMode RS-13,Outdoor,Premium,XL,purple,3356.79,3188.95,167.84,0.05
1576,VietMode RS-14,Outdoor,Premium,S,green,2706.41,2571.09,135.32,0.05
1577,VietMode RS-15,Outdoor,Premium,M,silver,5983.74,5684.55,299.19,0.05
1578,VietMode RS-16,Outdoor,Premium,L,pink,34.11,20.53,13.58,0.3981
1579,VietMode RS-17,Outdoor,Premium,XL,yellow,63.53,35.5,28.03,0.4412
1580,VietMode RS-18,Outdoor,Premium,S,red,19.07,11.16,7.91,0.4148
1581,VietMode RS-19,Outdoor,Premium,M,black,16.75,9.27,7.48,0.4466
1582,VietMode RS-20,Outdoor,Premium,L,orange,32.39,18.07,14.32,0.4421
1583,VietMode RS-21,Outdoor,Premium,XL,blue,5668.74,2943.21,2725.53,0.4808
1584,VietMode RS-22,Outdoor,Premium,S,white,4358.77,3938.15,420.62,0.0965
1585,VietMode RS-23,Outdoor,Premium,M,purple,5039.37,4674.52,364.85,0.0724
1586,VietMode RS-24,Outdoor,Premium,L,green,4661.37,3649.39,1011.98,0.2171
1587,VietMode RS-25,Outdoor,Premium,XL,silver,38.61,22.77,15.84,0.4103
1588,VietMode RS-26,Outdoor,Premium,S,pink,3529.89,2537.64,992.25,0.2811
1589,VietMode RS-27,Outdoor,Premium,M,yellow,32.69,18.41,14.28,0.4368
1590,VietMode RS-28,Outdoor,Premium,L,red,5246.29,4392.72,853.57,0.1627
1591,VietMode RS-29,Outdoor,Premium,XL,black,14.48,8.79,5.69,0.393
1592,VietMode RS-30,Outdoor,Premium,S,orange,5868.39,5574.97,293.42,0.05
1593,VietMode RS-31,Outdoor,Premium,M,blue,31.96,19.78,12.18,0.3811
1594,VietMode RS-32,Outdoor,Premium,L,white,19.65,12.38,7.27,0.37
1595,VietMode RS-33,Outdoor,Premium,XL,purple,4408.74,2394.39,2014.35,0.4569
1596,VietMode RS-34,Outdoor,Premium,S,green,4692.24,4457.63,234.61,0.05
1597,VietMode RS-35,Outdoor,Premium,M,silver,2063.38,1049.44,1013.94,0.4914
1598,VietMode RS-36,Outdoor,Premium,L,pink,43.29,24.67,18.62,0.4301
1599,VietMode RS-37,Outdoor,Premium,XL,yellow,38.35,21.73,16.62,0.4334
1600,VietMode RS-38,Outdoor,Premium,S,red,22.74,12.74,10.0,0.4398
1601,VietMode RS-39,Outdoor,Premium,M,black,3793.49,2490.05,1303.44,0.3436
1602,VietMode RS-40,Outdoor,Premium,L,orange,4535.37,4308.6,226.77,0.05
1603,VietMode RS-41,Outdoor,Premium,XL,blue,3621.24,2054.69,1566.55,0.4326
1604,VietMode RS-42,Outdoor,Premium,S,white,26.96,16.55,10.41,0.3861
1605,VietMode RS-43,Outdoor,Premium,M,purple,5118.75,4862.82,255.93,0.05
1606,VietMode RS-44,Outdoor,Premium,L,green,21.68,13.45,8.23,0.3796
1607,VietMode RS-45,Outdoor,Premium,XL,silver,5235.27,4973.51,261.76,0.05
1608,VietMode RS-46,Outdoor,Premium,S,pink,5496.3,5221.48,274.82,0.05
1609,VietMode RS-47,Outdoor,Premium,M,yellow,32.3,17.86,14.44,0.4471
1610,VietMode RS-48,Outdoor,Premium,L,red,48.52,31.23,17.29,0.3563
1611,VietMode RS-49,Outdoor,Premium,XL,black,22.33,12.39,9.94,0.4451
1612,VietMode RS-50,Outdoor,Premium,S,orange,6110.37,4649.99,1460.38,0.239
1613,VietMode RS-51,Outdoor,Premium,M,blue,40.51,24.47,16.04,0.396
1614,VietMode RS-52,Outdoor,Premium,L,white,26.79,16.63,10.16,0.3792
1615,VietMode RS-53,Outdoor,Premium,XL,purple,3167.9,3009.5,158.4,0.05
1616,VietMode RS-54,Outdoor,Premium,S,green,24.12,15.36,8.76,0.3632
1617,VietMode RS-55,Outdoor,Premium,M,silver,4535.37,3411.96,1123.41,0.2477
1618,VietMode RS-56,Outdoor,Premium,L,pink,31.73,19.72,12.01,0.3785
1619,VietMode RS-57,Outdoor,Premium,XL,yellow,21.89,13.79,8.1,0.37
1620,VietMode RS-58,Outdoor,Premium,S,red,26.54,15.5,11.04,0.416
1621,VietMode RS-59,Outdoor,Premium,M,black,20.51,12.95,7.56,0.3686
1622,VietMode RS-60,Outdoor,Premium,L,orange,72.67,40.55,32.12,0.442
1623,VietMode RS-61,Outdoor,Premium,XL,blue,33.59,21.48,12.11,0.3605
1624,VietMode RS-62,Outdoor,Premium,S,white,25.03,15.14,9.89,0.3951
1625,VietMode RS-63,Outdoor,Premium,M,purple,4755.24,4200.78,554.46,0.1166
1626,VietMode RS-64,Outdoor,Premium,L,green,36.07,22.79,13.28,0.3682
1627,VietMode RS-65,Outdoor,Premium,XL,silver,31.66,18.85,12.81,0.4046
1628,VietMode RS-66,Outdoor,Premium,S,pink,30.31,18.62,11.69,0.3857
1629,VietMode RS-67,Outdoor,Premium,M,yellow,2770.74,1718.69,1052.05,0.3797
1630,VietMode RS-68,Outdoor,Premium,L,red,3274.74,1882.98,1391.76,0.425
1631,VietMode RS-69,Outdoor,Premium,XL,black,5700.87,5223.71,477.16,0.0837
1632,VietMode RS-70,Outdoor,Premium,S,orange,5039.37,4028.47,1010.9,0.2006
1633,VietMode RS-71,Outdoor,Premium,M,blue,5228.37,4966.95,261.42,0.05
1634,VietMode RS-72,Outdoor,Premium,L,white,4258.17,3702.9,555.27,0.1304
1635,VietMode RS-73,Outdoor,Premium,XL,purple,42.34,25.51,16.83,0.3975
1636,VietMode RS-74,Outdoor,Premium,S,green,44.84,27.94,16.9,0.3769
1637,VietMode RS-75,Outdoor,Premium,M,silver,26.78,14.95,11.83,0.4417
1638,VietMode RS-76,Outdoor,Premium,L,pink,26.3,14.63,11.67,0.4437
1639,VietMode RS-77,Outdoor,Premium,XL,yellow,29.67,17.05,12.62,0.4253
1640,VietMode RS-78,Outdoor,Premium,S,red,4786.74,4547.4,239.34,0.05
1641,VietMode RS-79,Outdoor,Premium,M,black,13.19,7.46,5.73,0.4344
1642,VietMode RS-80,Outdoor,Premium,L,orange,18.06,11.51,6.55,0.3627
1643,VietMode RS-81,Outdoor,Premium,XL,blue,5070.87,4513.07,557.8,0.11
1644,VietMode RS-82,Outdoor,Premium,S,white,4566.87,3274.45,1292.42,0.283
1645,VietMode RS-83,Outdoor,Premium,M,purple,5039.37,2724.28,2315.09,0.4594
1646,VietMode RS-84,Outdoor,Premium,L,green,5069.36,3323.47,1745.89,0.3444
1647,VietMode RS-85,Outdoor,Premium,XL,silver,57.21,32.72,24.49,0.4281
1648,VietMode RS-86,Outdoor,Premium,S,pink,63.94,41.41,22.53,0.3524
1649,VietMode RS-87,Outdoor,Premium,M,yellow,29.98,17.5,12.48,0.4163
1650,VietMode RS-88,Outdoor,Premium,L,red,5909.28,4975.62,933.66,0.158
1651,VietMode RS-89,Outdoor,Premium,XL,black,6002.09,5701.98,300.11,0.05
1652,VietMode RS-90,Outdoor,Premium,S,orange,41.71,23.7,18.01,0.4318
1653,VietMode RS-91,Outdoor,Premium,M,blue,4849.74,4297.84,551.9,0.1138
1654,VietMode RS-92,Outdoor,Premium,L,white,37.51,23.59,13.92,0.3711
1655,VietMode RS-93,Outdoor,Premium,XL,purple,3401.37,2796.27,605.1,0.1779
1656,VietMode RS-94,Outdoor,Premium,S,green,4970.07,3734.51,1235.56,0.2486
1657,VietMode RS-95,Outdoor,Premium,M,silver,4746.15,3926.96,819.19,0.1726
1658,VietMode RS-96,Outdoor,Premium,L,pink,113.47,69.88,43.59,0.3842
1659,VietMode RS-97,Outdoor,Premium,XL,yellow,51.82,31.08,20.74,0.4002
1660,VietMode RS-98,Outdoor,Premium,S,red,31.46,19.05,12.41,0.3945
1661,VietMode RS-99,Outdoor,Premium,M,black,22.6,14.05,8.55,0.3783
1662,VietMode RS-00,Outdoor,Premium,L,orange,2078.37,1489.57,588.8,0.2833
1663,VietMode RS-01,Outdoor,Premium,XL,blue,17.42,9.98,7.44,0.4271
1664,VietMode RS-02,Outdoor,Premium,S,white,35.92,23.34,12.58,0.3502
1665,VietMode RS-03,Outdoor,Premium,M,purple,24.47,15.84,8.63,0.3527
1666,VietMode RS-04,Outdoor,Premium,L,green,2847.54,2029.16,818.38,0.2874
1667,VietMode RS-05,Outdoor,Premium,XL,silver,4426.66,3156.65,1270.01,0.2869
1265,VietMode MA-01,Casual,All-Weather,M,purple,10394.37,7885.17,2509.2,0.2414
1266,VietMode MA-02,Casual,All-Weather,L,green,18.75,11.53,7.22,0.3851
1267,VietMode MA-03,Casual,All-Weather,XL,silver,25.57,14.57,11.0,0.4302
1268,VietMode MA-04,Casual,All-Weather,S,pink,21.49,13.28,8.21,0.382
1269,VietMode MA-05,Casual,All-Weather,M,yellow,65.03,36.24,28.79,0.4427
1270,VietMode MA-06,Casual,All-Weather,L,red,47.12,26.06,21.06,0.4469
1271,VietMode MA-07,Casual,All-Weather,XL,black,5605.74,5325.45,280.29,0.05
1272,VietMode MA-08,Casual,All-Weather,S,orange,6296.41,5981.59,314.82,0.05
1273,VietMode MA-09,Casual,All-Weather,M,blue,5983.74,3856.52,2127.22,0.3555
1274,VietMode MA-10,Casual,All-Weather,L,white,33.01,19.01,14.0,0.4241
1275,VietMode MA-11,Casual,All-Weather,XL,purple,9196.74,8009.44,1187.3,0.1291
1276,VietMode MA-12,Casual,All-Weather,S,green,59.86,35.69,24.17,0.4038
1277,VietMode MA-13,Casual,All-Weather,M,silver,5525.71,2933.05,2592.66,0.4692
1278,VietMode MA-14,Casual,All-Weather,L,pink,9764.37,6568.49,3195.88,0.3273
1279,VietMode MA-15,Casual,All-Weather,XL,yellow,6613.74,4749.99,1863.75,0.2818
1280,VietMode MA-16,Casual,All-Weather,S,red,5373.01,5104.36,268.65,0.05
1281,VietMode MA-17,Casual,All-Weather,M,black,4724.37,4488.15,236.22,0.05
1282,VietMode MA-18,Casual,All-Weather,L,orange,34.16,21.75,12.41,0.3633
1283,VietMode MA-19,Casual,All-Weather,XL,blue,23.46,14.61,8.85,0.3772
1284,VietMode MA-20,Casual,All-Weather,S,white,60.9,38.02,22.88,0.3757
1285,VietMode MA-21,Casual,All-Weather,M,purple,4647.48,3315.97,1331.51,0.2865
1286,VietMode MA-22,Casual,All-Weather,L,green,8311.69,6208.83,2102.86,0.253
1287,VietMode MA-23,Casual,All-Weather,XL,silver,8188.74,4307.28,3881.46,0.474
1288,VietMode MA-24,Casual,All-Weather,S,pink,8377.74,7154.59,1223.15,0.146
1289,VietMode MA-25,Casual,All-Weather,M,yellow,5669.37,5385.9,283.47,0.05
1290,VietMode MA-26,Casual,All-Weather,L,red,41.08,24.34,16.74,0.4075
1291,VietMode MA-27,Casual,All-Weather,XL,black,21.87,12.78,9.09,0.4156
1292,VietMode MA-28,Casual,All-Weather,S,orange,30.69,18.02,12.67,0.4128
1293,VietMode MA-29,Casual,All-Weather,M,blue,23.33,15.14,8.19,0.3511
1294,VietMode MA-30,Casual,All-Weather,L,white,8944.74,8497.5,447.24,0.05
1295,VietMode MA-31,Casual,All-Weather,XL,purple,5669.37,5385.9,283.47,0.05
1296,VietMode MA-32,Casual,All-Weather,S,green,19.05,10.55,8.5,0.4462
1297,VietMode MA-33,Casual,All-Weather,M,silver,5858.37,2990.7,2867.67,0.4895
1298,VietMode MA-34,Casual,All-Weather,L,pink,4444.02,3357.46,1086.56,0.2445
1299,VietMode MA-35,Casual,All-Weather,XL,yellow,6504.16,6178.95,325.21,0.05
1300,VietMode MA-36,Casual,All-Weather,S,red,5420.11,3545.29,1874.82,0.3459
1301,VietMode MA-37,Casual,All-Weather,M,black,6171.26,4382.21,1789.05,0.2899
1302,VietMode MA-38,Casual,All-Weather,L,orange,47.96,30.54,17.42,0.3632
1303,VietMode MA-39,Casual,All-Weather,XL,blue,9449.23,6596.51,2852.72,0.3019
1304,VietMode MA-40,Casual,All-Weather,S,white,4895.01,4420.68,474.33,0.0969
1305,VietMode MA-41,Casual,All-Weather,M,purple,5114.97,3436.75,1678.22,0.3281
1306,VietMode MA-42,Casual,All-Weather,L,green,10583.37,8359.8,2223.57,0.2101
1307,VietMode MA-43,Casual,All-Weather,XL,silver,71.08,43.21,27.87,0.3921
1308,VietMode MA-44,Casual,All-Weather,S,pink,9126.56,6083.77,3042.79,0.3334
713,HanoiStreet RP-01,Outdoor,Activewear,M,blue,1952.01,1681.85,270.16,0.1384
714,HanoiStreet RP-02,Outdoor,Activewear,L,white,1952.01,1350.79,601.22,0.308
715,HanoiStreet RP-03,Outdoor,Activewear,XL,purple,1855.63,1707.74,147.89,0.0797
716,HanoiStreet RP-04,Outdoor,Activewear,S,green,1855.63,1762.85,92.78,0.05
717,HanoiStreet RP-05,Outdoor,Activewear,M,silver,2046.87,1742.91,303.96,0.1485
718,HanoiStreet RP-06,Outdoor,Activewear,L,pink,2046.87,1613.75,433.12,0.2116
719,HanoiStreet RP-07,Outdoor,Activewear,XL,yellow,1259.37,981.55,277.82,0.2206
720,HanoiStreet RP-08,Outdoor,Activewear,S,red,1259.37,742.78,516.59,0.4102
721,HanoiStreet RP-09,Outdoor,Activewear,M,black,2015.37,1709.24,306.13,0.1519
722,HanoiStreet RP-10,Outdoor,Activewear,L,orange,2015.37,1819.88,195.49,0.097
723,HanoiStreet RP-11,Outdoor,Activewear,XL,blue,18.93,11.24,7.69,0.4062
724,HanoiStreet RP-12,Outdoor,Activewear,S,white,41.48,25.82,15.66,0.3775
725,HanoiStreet RP-13,Outdoor,Activewear,M,purple,1341.31,1274.25,67.06,0.05
726,HanoiStreet RP-14,Outdoor,Activewear,L,green,1341.31,1274.25,67.06,0.05
727,HanoiStreet RP-15,Outdoor,Activewear,XL,silver,818.37,681.13,137.24,0.1677
728,HanoiStreet RP-16,Outdoor,Activewear,S,pink,818.37,554.36,264.01,0.3226
729,HanoiStreet RP-17,Outdoor,Activewear,M,yellow,3782.68,3301.9,480.78,0.1271
730,HanoiStreet RP-18,Outdoor,Activewear,L,red,3782.68,2712.94,1069.74,0.2828
731,HanoiStreet RP-19,Outdoor,Activewear,XL,black,1763.37,1675.2,88.17,0.05
732,HanoiStreet RP-20,Outdoor,Activewear,S,orange,1763.37,940.23,823.14,0.4668
733,HanoiStreet RP-21,Outdoor,Activewear,M,blue,4376.45,2285.38,2091.07,0.4778
734,HanoiStreet RP-22,Outdoor,Activewear,L,white,4376.45,3725.67,650.78,0.1487
735,HanoiStreet RP-23,Outdoor,Activewear,XL,purple,4615.66,2314.75,2300.91,0.4985
736,HanoiStreet RP-24,Outdoor,Activewear,S,green,4615.66,2839.09,1776.57,0.3849
737,HanoiStreet RP-25,Outdoor,Activewear,M,silver,5669.37,5385.9,283.47,0.05
738,HanoiStreet RP-26,Outdoor,Activewear,L,pink,5669.37,4405.1,1264.27,0.223
739,HanoiStreet RP-27,Outdoor,Activewear,XL,yellow,2078.15,1837.08,241.07,0.116
740,HanoiStreet RP-28,Outdoor,Activewear,S,red,2078.15,1680.8,397.35,0.1912
741,HanoiStreet RP-29,Outdoor,Activewear,M,black,25.53,15.28,10.25,0.4015
742,HanoiStreet RP-30,Outdoor,Activewear,L,orange,27.25,17.37,9.88,0.3626
743,HanoiStreet RP-31,Outdoor,Activewear,XL,blue,3275.37,2977.64,297.73,0.0909
744,HanoiStreet RP-32,Outdoor,Activewear,S,white,3275.37,2282.28,993.09,0.3032
745,HanoiStreet RP-33,Outdoor,Activewear,M,purple,2645.37,2513.1,132.27,0.05
746,HanoiStreet RP-34,Outdoor,Activewear,L,green,2645.37,2343.8,301.57,0.114
747,HanoiStreet RP-35,Outdoor,Activewear,XL,silver,26.13,16.72,9.41,0.3601
748,HanoiStreet RP-36,Outdoor,Activewear,S,pink,23.44,13.88,9.56,0.4078
749,HanoiStreet RP-37,Outdoor,Activewear,M,yellow,33.76,19.51,14.25,0.4221
750,HanoiStreet RP-38,Outdoor,Activewear,L,red,23.75,14.47,9.28,0.3907
751,HanoiStreet RP-39,Outdoor,Activewear,XL,black,36.9,23.66,13.24,0.3588
752,HanoiStreet RP-40,Outdoor,Activewear,S,orange,32.46,18.53,13.93,0.4291
753,HanoiStreet RP-41,Outdoor,Activewear,M,blue,2960.31,1663.99,1296.32,0.4379
754,HanoiStreet RP-42,Outdoor,Activewear,L,white,2960.31,2498.8,461.51,0.1559
755,HanoiStreet RP-43,Outdoor,Activewear,XL,purple,30.1,18.43,11.67,0.3877
756,HanoiStreet RP-44,Outdoor,Activewear,S,green,23.03,14.12,8.91,0.3869
757,HanoiStreet RP-45,Outdoor,Activewear,M,silver,890.45,566.95,323.5,0.3633
758,HanoiStreet RP-46,Outdoor,Activewear,L,pink,890.45,845.93,44.52,0.05
759,HanoiStreet RP-47,Outdoor,Activewear,XL,yellow,1901.47,1048.66,852.81,0.4485
760,HanoiStreet RP-48,Outdoor,Activewear,S,red,1901.47,1262.57,638.9,0.336
761,HanoiStreet RP-49,Outdoor,Activewear,M,black,2220.6,2109.57,111.03,0.05
762,HanoiStreet RP-50,Outdoor,Activewear,L,orange,2220.6,2109.57,111.03,0.05
763,HanoiStreet RP-51,Outdoor,Activewear,XL,blue,3884.38,2371.8,1512.58,0.3894
764,HanoiStreet RP-52,Outdoor,Activewear,S,white,3884.38,3601.6,282.78,0.0728
765,HanoiStreet RP-53,Outdoor,Activewear,M,purple,26.29,16.39,9.9,0.3766
766,HanoiStreet RP-54,Outdoor,Activewear,L,green,44.8,25.23,19.57,0.4368
767,HanoiStreet RP-55,Outdoor,Activewear,XL,silver,1148.82,585.9,562.92,0.49
768,HanoiStreet RP-56,Outdoor,Activewear,S,pink,1148.82,728.93,419.89,0.3655
769,HanoiStreet RP-57,Outdoor,Activewear,M,yellow,3297.6,1690.35,1607.25,0.4874
770,HanoiStreet RP-58,Outdoor,Activewear,L,red,3297.6,3096.44,201.16,0.061
771,HanoiStreet RP-59,Outdoor,Activewear,XL,black,2015.37,1914.6,100.77,0.05
772,HanoiStreet RP-60,Outdoor,Activewear,S,orange,2015.37,1835.4,179.97,0.0893
773,HanoiStreet RP-61,Outdoor,Activewear,M,blue,40.46,25.15,15.31,0.3784
774,HanoiStreet RP-62,Outdoor,Activewear,L,white,22.4,14.36,8.04,0.3589
775,HanoiStreet RP-63,Outdoor,Activewear,XL,purple,34.46,19.57,14.89,0.4321
776,HanoiStreet RP-64,Outdoor,Activewear,S,green,44.73,25.66,19.07,0.4263
777,HanoiStreet RP-65,Outdoor,Activewear,M,silver,1477.49,1403.61,73.88,0.05
778,HanoiStreet RP-66,Outdoor,Activewear,L,pink,1477.49,1174.31,303.18,0.2052
779,HanoiStreet RP-67,Outdoor,Activewear,XL,yellow,3997.02,3519.38,477.64,0.1195
780,HanoiStreet RP-68,Outdoor,Activewear,S,red,3997.02,2058.47,1938.55,0.485
781,HanoiStreet RP-69,Outdoor,Activewear,M,black,1274.58,845.3,429.28,0.3368
782,HanoiStreet RP-70,Outdoor,Activewear,L,orange,1274.58,1065.81,208.77,0.1638
783,HanoiStreet RP-71,Outdoor,Activewear,XL,blue,16.98,10.99,5.99,0.3528
784,HanoiStreet RP-72,Outdoor,Activewear,S,white,41.15,23.38,17.77,0.4318
785,HanoiStreet RP-73,Outdoor,Activewear,M,purple,699.72,441.24,258.48,0.3694
786,HanoiStreet RP-74,Outdoor,Activewear,L,green,699.72,645.84,53.88,0.077
787,HanoiStreet RP-75,Outdoor,Activewear,XL,silver,3820.8,3601.87,218.93,0.0573
788,HanoiStreet RP-76,Outdoor,Activewear,S,pink,3820.8,2436.14,1384.66,0.3624
789,HanoiStreet RP-77,Outdoor,Activewear,M,yellow,2708.37,2535.31,173.06,0.0639
790,HanoiStreet RP-78,Outdoor,Activewear,L,red,2708.37,1879.34,829.03,0.3061
791,HanoiStreet RP-79,Outdoor,Activewear,XL,black,811.89,584.96,226.93,0.2795
792,HanoiStreet RP-80,Outdoor,Activewear,S,orange,811.89,649.27,162.62,0.2003
793,HanoiStreet RP-81,Outdoor,Activewear,M,blue,1012.76,643.51,369.25,0.3646
794,HanoiStreet RP-82,Outdoor,Activewear,L,white,1012.76,962.12,50.64,0.05
795,HanoiStreet RP-83,Outdoor,Activewear,XL,purple,3338.27,1832.04,1506.23,0.4512
796,HanoiStreet RP-84,Outdoor,Activewear,S,green,3338.27,3052.85,285.42,0.0855
2204,VietMotion RP-01,Outdoor,Activewear,S,white,1771.1,1588.5,182.6,0.1031
2205,VietMotion RP-02,Outdoor,Activewear,M,purple,1771.1,1682.55,88.55,0.05
2206,VietMotion RP-03,Outdoor,Activewear,L,green,1254.47,700.87,553.6,0.4413
2207,VietMotion RP-04,Outdoor,Activewear,XL,silver,1254.47,1191.75,62.72,0.05
2208,VietMotion RP-05,Outdoor,Activewear,S,pink,25.41,16.14,9.27,0.3648
2209,VietMotion RP-06,Outdoor,Activewear,M,yellow,41.61,24.93,16.68,0.4009
2210,VietMotion RP-07,Outdoor,Activewear,L,red,1290.87,908.0,382.87,0.2966
2211,VietMotion RP-08,Outdoor,Activewear,XL,black,1290.87,790.92,499.95,0.3873
2212,VietMotion RP-09,Outdoor,Activewear,S,orange,1075.95,854.52,221.43,0.2058
2213,VietMotion RP-10,Outdoor,Activewear,M,blue,1075.95,753.7,322.25,0.2995
2214,VietMotion RP-11,Outdoor,Activewear,L,white,4408.76,4188.32,220.44,0.05
2215,VietMotion RP-12,Outdoor,Activewear,XL,purple,4408.76,3776.98,631.78,0.1433
2216,VietMotion RP-13,Outdoor,Activewear,S,green,24.4,14.02,10.38,0.4254
2217,VietMotion RP-14,Outdoor,Activewear,M,silver,16.09,10.25,5.84,0.363
2218,VietMotion RP-15,Outdoor,Activewear,L,pink,1768.3,1081.85,686.45,0.3882
2219,VietMotion RP-16,Outdoor,Activewear,XL,yellow,1768.3,1679.88,88.42,0.05
2220,VietMotion RP-17,Outdoor,Activewear,S,red,17.27,10.27,7.0,0.4053
2221,VietMotion RP-18,Outdoor,Activewear,M,black,33.76,20.31,13.45,0.3984
2222,VietMotion RP-19,Outdoor,Activewear,L,orange,2772.16,1759.21,1012.95,0.3654
2223,VietMotion RP-20,Outdoor,Activewear,XL,blue,2772.16,2178.92,593.24,0.214
2224,VietMotion RP-21,Outdoor,Activewear,S,white,768.18,443.24,324.94,0.423
2225,VietMotion RP-22,Outdoor,Activewear,M,purple,768.18,444.85,323.33,0.4209
2226,VietMotion RP-23,Outdoor,Activewear,L,green,3905.37,3541.78,363.59,0.0931
2227,VietMotion RP-24,Outdoor,Activewear,XL,silver,3905.37,3396.11,509.26,0.1304
2228,VietMotion RP-25,Outdoor,Activewear,S,pink,36.74,21.53,15.21,0.414
2229,VietMotion RP-26,Outdoor,Activewear,M,yellow,23.06,14.05,9.01,0.3907
2230,VietMotion RP-27,Outdoor,Activewear,L,red,42.75,24.21,18.54,0.4337
2231,VietMotion RP-28,Outdoor,Activewear,XL,black,17.04,10.04,7.0,0.4108
2232,VietMotion RP-29,Outdoor,Activewear,S,orange,32.25,20.86,11.39,0.3532
2233,VietMotion RP-30,Outdoor,Activewear,M,blue,20.4,11.75,8.65,0.424
2234,VietMotion RP-31,Outdoor,Activewear,L,white,815.46,609.07,206.39,0.2531
2235,VietMotion RP-32,Outdoor,Activewear,XL,purple,815.46,614.04,201.42,0.247
2236,VietMotion RP-33,Outdoor,Activewear,S,green,2193.03,1526.79,666.24,0.3038
2237,VietMotion RP-34,Outdoor,Activewear,M,silver,2193.03,1336.65,856.38,0.3905
2238,VietMotion RP-35,Outdoor,Activewear,L,pink,1546.07,846.47,699.6,0.4525
2239,VietMotion RP-36,Outdoor,Activewear,XL,yellow,1546.07,1225.11,320.96,0.2076
2240,VietMotion RP-37,Outdoor,Activewear,S,red,1070.21,1005.35,64.86,0.0606
2241,VietMotion RP-38,Outdoor,Activewear,M,black,1070.21,622.65,447.56,0.4182
2242,VietMotion RP-39,Outdoor,Activewear,L,orange,25.51,15.71,9.8,0.3842
2243,VietMotion RP-40,Outdoor,Activewear,XL,blue,33.75,19.66,14.09,0.4175
2244,VietMotion RP-41,Outdoor,Activewear,S,white,23.47,14.73,8.74,0.3724
2245,VietMotion RP-42,Outdoor,Activewear,M,purple,28.39,15.99,12.4,0.4368
2246,VietMotion RP-43,Outdoor,Activewear,L,green,1574.37,1030.74,543.63,0.3453
2247,VietMotion RP-44,Outdoor,Activewear,XL,silver,1574.37,850.16,724.21,0.46
2248,VietMotion RP-45,Outdoor,Activewear,S,pink,49.53,32.04,17.49,0.3531
2249,VietMotion RP-46,Outdoor,Activewear,M,yellow,26.29,15.65,10.64,0.4047
2250,VietMotion RP-47,Outdoor,Activewear,L,red,1511.37,944.46,566.91,0.3751
2251,VietMotion RP-48,Outdoor,Activewear,XL,black,1511.37,1150.61,360.76,0.2387
2252,VietMotion RP-49,Outdoor,Activewear,S,orange,1621.55,1087.41,534.14,0.3294
2253,VietMotion RP-50,Outdoor,Activewear,M,blue,1621.55,1250.87,370.68,0.2286
2254,VietMotion RP-51,Outdoor,Activewear,L,white,715.6,486.68,228.92,0.3199
2255,VietMotion RP-52,Outdoor,Activewear,XL,purple,715.6,679.82,35.78,0.05
2256,VietMotion RP-53,Outdoor,Activewear,S,green,46.26,26.53,19.73,0.4265
2257,VietMotion RP-54,Outdoor,Activewear,M,silver,21.08,11.75,9.33,0.4426
2258,VietMotion RP-55,Outdoor,Activewear,L,pink,40.93,23.21,17.72,0.4329
2259,VietMotion RP-56,Outdoor,Activewear,XL,yellow,58.95,35.48,23.47,0.3981
2260,VietMotion RP-57,Outdoor,Activewear,S,red,12.32,7.19,5.13,0.4164
2261,VietMotion RP-58,Outdoor,Activewear,M,black,24.08,15.24,8.84,0.3671
2262,VietMotion RP-59,Outdoor,Activewear,L,orange,3918.24,3722.33,195.91,0.05
2263,VietMotion RP-60,Outdoor,Activewear,XL,blue,3918.24,3722.33,195.91,0.05
2264,VietMotion RP-61,Outdoor,Activewear,S,white,41.71,24.74,16.97,0.4069
2265,VietMotion RP-62,Outdoor,Activewear,M,purple,30.53,17.55,12.98,0.4252
2266,VietMotion RP-63,Outdoor,Activewear,L,green,38.42,23.5,14.92,0.3883
2267,VietMotion RP-64,Outdoor,Activewear,XL,silver,26.01,16.14,9.87,0.3795
46,DragonWear RP-01,Outdoor,Activewear,L,green,34.28,19.43,14.85,0.4332
47,DragonWear RP-02,Outdoor,Activewear,XL,silver,31.12,17.64,13.48,0.4332
48,DragonWear RP-03,Outdoor,Activewear,S,pink,786.87,404.29,382.58,0.4862
49,DragonWear RP-04,Outdoor,Activewear,M,yellow,786.87,401.85,385.02,0.4893
50,DragonWear RP-05,Outdoor,Activewear,L,red,52.83,29.25,23.58,0.4463
51,DragonWear RP-06,Outdoor,Activewear,XL,black,36.66,22.86,13.8,0.3764
52,DragonWear RP-07,Outdoor,Activewear,S,orange,4094.37,3531.8,562.57,0.1374
53,DragonWear RP-08,Outdoor,Activewear,M,blue,4094.37,3586.67,507.7,0.124
54,DragonWear RP-09,Outdoor,Activewear,L,white,4890.19,3904.32,985.87,0.2016
55,DragonWear RP-10,Outdoor,Activewear,XL,purple,4890.19,4645.68,244.51,0.05
56,DragonWear RP-11,Outdoor,Activewear,S,green,3676.28,3492.47,183.81,0.05
57,DragonWear RP-12,Outdoor,Activewear,M,silver,3676.28,3492.47,183.81,0.05
58,DragonWear RP-13,Outdoor,Activewear,L,pink,4325.34,3115.11,1210.23,0.2798
59,DragonWear RP-14,Outdoor,Activewear,XL,yellow,4325.34,3585.71,739.63,0.171
60,DragonWear RP-15,Outdoor,Activewear,S,red,4703.16,4129.84,573.32,0.1219
61,DragonWear RP-16,Outdoor,Activewear,M,black,4703.16,3495.39,1207.77,0.2568
62,DragonWear RP-17,Outdoor,Activewear,L,orange,4800.53,2974.41,1826.12,0.3804
63,DragonWear RP-18,Outdoor,Activewear,XL,blue,4800.53,4293.12,507.41,0.1057
64,DragonWear RP-19,Outdoor,Activewear,S,white,3779.37,3590.4,188.97,0.05
65,DragonWear RP-20,Outdoor,Activewear,M,purple,3779.37,3427.13,352.24,0.0932
66,DragonWear RP-21,Outdoor,Activewear,L,green,5043.4,4791.23,252.17,0.05
67,DragonWear RP-22,Outdoor,Activewear,XL,silver,5043.4,4436.18,607.22,0.1204
213,LotusWear RP-01,Outdoor,Activewear,M,blue,37.9,23.36,14.54,0.3836
214,LotusWear RP-02,Outdoor,Activewear,L,white,28.09,16.78,11.31,0.4026
215,LotusWear RP-03,Outdoor,Activewear,XL,purple,27.25,17.29,9.96,0.3655
216,LotusWear RP-04,Outdoor,Activewear,S,green,27.85,17.56,10.29,0.3695
217,LotusWear RP-05,Outdoor,Activewear,M,silver,38.78,23.6,15.18,0.3914
218,LotusWear RP-06,Outdoor,Activewear,L,pink,27.98,17.82,10.16,0.3631
219,LotusWear RP-07,Outdoor,Activewear,XL,yellow,37.19,21.22,15.97,0.4294
220,LotusWear RP-08,Outdoor,Activewear,S,red,75.96,42.63,33.33,0.4388
221,LotusWear RP-09,Outdoor,Activewear,M,black,46.92,27.07,19.85,0.4231
222,LotusWear RP-10,Outdoor,Activewear,L,orange,29.07,16.15,12.92,0.4444
392,SaigonFlex RP-01,Outdoor,Activewear,S,orange,6126.75,5820.41,306.34,0.05
393,SaigonFlex RP-02,Outdoor,Activewear,M,blue,6126.75,5586.98,539.77,0.0881
1055,MekongFit RP-01,Outdoor,Activewear,XL,purple,755.37,717.6,37.77,0.05
1056,MekongFit RP-02,Outdoor,Activewear,S,green,755.37,662.69,92.68,0.1227
1057,MekongFit RP-03,Outdoor,Activewear,M,silver,1607.82,1036.88,570.94,0.3551
1058,MekongFit RP-04,Outdoor,Activewear,L,pink,1607.82,1527.43,80.39,0.05
1059,MekongFit RP-05,Outdoor,Activewear,XL,yellow,1979.36,1058.36,921.0,0.4653
1060,MekongFit RP-06,Outdoor,Activewear,S,red,1979.36,1361.8,617.56,0.312
1061,MekongFit RP-07,Outdoor,Activewear,M,black,1800.5,1624.23,176.27,0.0979
1062,MekongFit RP-08,Outdoor,Activewear,L,orange,1800.5,1710.47,90.03,0.05
1063,MekongFit RP-09,Outdoor,Activewear,XL,blue,1960.24,1862.23,98.01,0.05
1064,MekongFit RP-10,Outdoor,Activewear,S,white,1960.24,1605.83,354.41,0.1808
1065,MekongFit RP-11,Outdoor,Activewear,M,purple,3731.97,2473.18,1258.79,0.3373
1066,MekongFit RP-12,Outdoor,Activewear,L,green,3731.97,3311.01,420.96,0.1128
1067,MekongFit RP-13,Outdoor,Activewear,XL,silver,4881.87,4623.62,258.25,0.0529
1068,MekongFit RP-14,Outdoor,Activewear,S,pink,4881.87,4637.78,244.09,0.05
1069,MekongFit RP-15,Outdoor,Activewear,M,yellow,1889.37,1137.59,751.78,0.3979
1070,MekongFit RP-16,Outdoor,Activewear,L,red,1889.37,1530.77,358.6,0.1898
1071,MekongFit RP-17,Outdoor,Activewear,XL,black,53.54,32.29,21.25,0.3969
1072,MekongFit RP-18,Outdoor,Activewear,S,orange,28.13,18.1,10.03,0.3566
1073,MekongFit RP-19,Outdoor,Activewear,M,blue,2834.37,2692.65,141.72,0.05
1074,MekongFit RP-20,Outdoor,Activewear,L,white,2834.37,2536.48,297.89,0.1051
1075,MekongFit RP-21,Outdoor,Activewear,XL,purple,3114.11,1652.03,1462.08,0.4695
1076,MekongFit RP-22,Outdoor,Activewear,S,green,3114.11,2258.66,855.45,0.2747
1077,MekongFit RP-23,Outdoor,Activewear,M,silver,4317.6,4101.72,215.88,0.05
1078,MekongFit RP-24,Outdoor,Activewear,L,pink,4317.6,3338.37,979.23,0.2268
1079,MekongFit RP-25,Outdoor,Activewear,XL,yellow,3149.37,2125.82,1023.55,0.325
1080,MekongFit RP-26,Outdoor,Activewear,S,red,3149.37,2653.97,495.4,0.1573
1081,MekongFit RP-27,Outdoor,Activewear,M,black,2782.73,2487.2,295.53,0.1062
1082,MekongFit RP-28,Outdoor,Activewear,L,orange,2782.73,2043.92,738.81,0.2655
1083,MekongFit RP-29,Outdoor,Activewear,XL,blue,14.65,8.12,6.53,0.4457
1084,MekongFit RP-30,Outdoor,Activewear,S,white,22.13,12.44,9.69,0.4379
1085,MekongFit RP-31,Outdoor,Activewear,M,purple,1139.5,895.88,243.62,0.2138
1086,MekongFit RP-32,Outdoor,Activewear,L,green,1139.5,846.31,293.19,0.2573
1087,MekongFit RP-33,Outdoor,Activewear,XL,silver,3432.87,2542.73,890.14,0.2593
1088,MekongFit RP-34,Outdoor,Activewear,S,pink,3432.87,2650.18,782.69,0.228
1089,MekongFit RP-35,Outdoor,Activewear,M,yellow,4610.97,2548.02,2062.95,0.4474
1090,MekongFit RP-36,Outdoor,Activewear,L,red,4610.97,4380.42,230.55,0.05
1091,MekongFit RP-37,Outdoor,Activewear,XL,black,2116.29,1165.23,951.06,0.4494
1092,MekongFit RP-38,Outdoor,Activewear,S,orange,2116.29,1846.67,269.62,0.1274
1093,MekongFit RP-39,Outdoor,Activewear,M,blue,711.03,525.02,186.01,0.2616
1094,MekongFit RP-40,Outdoor,Activewear,L,white,711.03,608.21,102.82,0.1446
1095,MekongFit RP-41,Outdoor,Activewear,XL,purple,1480.69,1383.12,97.57,0.0659
1096,MekongFit RP-42,Outdoor,Activewear,S,green,1480.69,873.76,606.93,0.4099
1097,MekongFit RP-43,Outdoor,Activewear,M,silver,3724.01,3064.12,659.89,0.1772
1098,MekongFit RP-44,Outdoor,Activewear,L,pink,3724.01,3151.63,572.38,0.1537
1099,MekongFit RP-45,Outdoor,Activewear,XL,yellow,497.07,249.28,247.79,0.4985
1100,MekongFit RP-46,Outdoor,Activewear,S,red,497.07,346.31,150.76,0.3033
1101,MekongFit RP-47,Outdoor,Activewear,M,black,2676.87,1384.74,1292.13,0.4827
1102,MekongFit RP-48,Outdoor,Activewear,L,orange,2676.87,2543.03,133.84,0.05
1103,MekongFit RP-49,Outdoor,Activewear,XL,blue,1792.7,1145.9,646.8,0.3608
1104,MekongFit RP-50,Outdoor,Activewear,S,white,1792.7,1703.07,89.63,0.05
1105,MekongFit RP-51,Outdoor,Activewear,M,purple,3028.62,2877.19,151.43,0.05
1106,MekongFit RP-52,Outdoor,Activewear,L,green,3028.62,2278.43,750.19,0.2477
1107,MekongFit RP-53,Outdoor,Activewear,XL,silver,1920.87,1824.83,96.04,0.05
1108,MekongFit RP-54,Outdoor,Activewear,S,pink,1920.87,1074.15,846.72,0.4408
1109,MekongFit RP-55,Outdoor,Activewear,M,yellow,2555.29,2320.71,234.58,0.0918
1110,MekongFit RP-56,Outdoor,Activewear,L,red,2555.29,2427.52,127.77,0.05
1111,MekongFit RP-57,Outdoor,Activewear,XL,black,1422.87,1286.28,136.59,0.096
1112,MekongFit RP-58,Outdoor,Activewear,S,orange,1422.87,1014.22,408.65,0.2872
1732,SaigonCore RP-01,Outdoor,Activewear,S,orange,5354.37,5086.65,267.72,0.05
1733,SaigonCore RP-02,Outdoor,Activewear,M,blue,5354.37,3965.45,1388.92,0.2594
1734,SaigonCore RP-03,Outdoor,Activewear,L,white,5398.47,3692.01,1706.46,0.3161
1735,SaigonCore RP-04,Outdoor,Activewear,XL,purple,5398.47,3275.79,2122.68,0.3932
1736,SaigonCore RP-05,Outdoor,Activewear,S,green,15.67,9.33,6.34,0.4046
1737,SaigonCore RP-06,Outdoor,Activewear,M,silver,28.77,18.51,10.26,0.3566
1738,SaigonCore RP-07,Outdoor,Activewear,L,pink,33.36,19.4,13.96,0.4185
1739,SaigonCore RP-08,Outdoor,Activewear,XL,yellow,64.75,38.9,25.85,0.3992
1740,SaigonCore RP-09,Outdoor,Activewear,S,red,5414.74,3403.17,2011.57,0.3715
1741,SaigonCore RP-10,Outdoor,Activewear,M,black,5414.74,5144.01,270.73,0.05
1742,SaigonCore RP-11,Outdoor,Activewear,L,orange,3464.37,2540.42,923.95,0.2667
1743,SaigonCore RP-12,Outdoor,Activewear,XL,blue,3464.37,3142.18,322.19,0.093
1744,SaigonCore RP-13,Outdoor,Activewear,S,white,5217.51,4956.63,260.88,0.05
1745,SaigonCore RP-14,Outdoor,Activewear,M,purple,5217.51,3797.3,1420.21,0.2722
1926,UrbanVN RP-01,Outdoor,Activewear,L,green,1137.86,1058.44,79.42,0.0698
1927,UrbanVN RP-02,Outdoor,Activewear,XL,silver,1137.86,1080.97,56.89,0.05
1928,UrbanVN RP-03,Outdoor,Activewear,S,pink,37.74,20.91,16.83,0.4459
1929,UrbanVN RP-04,Outdoor,Activewear,M,yellow,30.34,17.14,13.2,0.4351
1930,UrbanVN RP-05,Outdoor,Activewear,L,red,46.14,29.93,16.21,0.3513
1931,UrbanVN RP-06,Outdoor,Activewear,XL,black,13.67,8.84,4.83,0.3533
1932,UrbanVN RP-07,Outdoor,Activewear,S,orange,5291.37,2847.29,2444.08,0.4619
1933,UrbanVN RP-08,Outdoor,Activewear,M,blue,5291.37,3064.23,2227.14,0.4209
1934,UrbanVN RP-09,Outdoor,Activewear,L,white,1609.91,1337.84,272.07,0.169
1935,UrbanVN RP-10,Outdoor,Activewear,XL,purple,1609.91,1048.7,561.21,0.3486
1936,UrbanVN RP-11,Outdoor,Activewear,S,green,3441.1,2500.64,940.46,0.2733
1937,UrbanVN RP-12,Outdoor,Activewear,M,silver,3441.1,3269.04,172.06,0.05
1938,UrbanVN RP-13,Outdoor,Activewear,L,pink,3527.37,3268.46,258.91,0.0734
1939,UrbanVN RP-14,Outdoor,Activewear,XL,yellow,3527.37,1933.0,1594.37,0.452
1940,UrbanVN RP-15,Outdoor,Activewear,S,red,2011.36,1582.33,429.03,0.2133
1941,UrbanVN RP-16,Outdoor,Activewear,M,black,2011.36,1626.18,385.18,0.1915
1942,UrbanVN RP-17,Outdoor,Activewear,L,orange,1482.0,1407.9,74.1,0.05
1943,UrbanVN RP-18,Outdoor,Activewear,XL,blue,1482.0,1063.78,418.22,0.2822
1944,UrbanVN RP-19,Outdoor,Activewear,S,white,36.39,20.03,16.36,0.4496
1945,UrbanVN RP-20,Outdoor,Activewear,M,purple,45.08,29.08,16.0,0.3549
1946,UrbanVN RP-21,Outdoor,Activewear,L,green,3369.87,2625.47,744.4,0.2209
1947,UrbanVN RP-22,Outdoor,Activewear,XL,silver,3369.87,2821.26,548.61,0.1628
1948,UrbanVN RP-23,Outdoor,Activewear,S,pink,3728.77,2971.09,757.68,0.2032
1949,UrbanVN RP-24,Outdoor,Activewear,M,yellow,3728.77,2876.75,852.02,0.2285
1950,UrbanVN RP-25,Outdoor,Activewear,L,red,4031.37,3108.59,922.78,0.2289
1951,UrbanVN RP-26,Outdoor,Activewear,XL,black,4031.37,3130.36,901.01,0.2235
1952,UrbanVN RP-27,Outdoor,Activewear,S,orange,18.33,11.25,7.08,0.3863
1953,UrbanVN RP-28,Outdoor,Activewear,M,blue,52.33,33.32,19.01,0.3633
1954,UrbanVN RP-29,Outdoor,Activewear,L,white,37.92,22.58,15.34,0.4045
1955,UrbanVN RP-30,Outdoor,Activewear,XL,purple,28.05,16.87,11.18,0.3986
1956,UrbanVN RP-31,Outdoor,Activewear,S,green,42.65,25.54,17.11,0.4012
1957,UrbanVN RP-32,Outdoor,Activewear,M,silver,82.13,50.65,31.48,0.3833
1958,UrbanVN RP-33,Outdoor,Activewear,L,pink,944.37,860.23,84.14,0.0891
1959,UrbanVN RP-34,Outdoor,Activewear,XL,yellow,944.37,782.22,162.15,0.1717
1960,UrbanVN RP-35,Outdoor,Activewear,S,red,1177.47,615.82,561.65,0.477
1961,UrbanVN RP-36,Outdoor,Activewear,M,black,1177.47,861.91,315.56,0.268
1962,UrbanVN RP-37,Outdoor,Activewear,L,orange,1794.87,1680.54,114.33,0.0637
1963,UrbanVN RP-38,Outdoor,Activewear,XL,blue,1794.87,1050.36,744.51,0.4148
1964,UrbanVN RP-39,Outdoor,Activewear,S,white,1070.37,1016.85,53.52,0.05
1965,UrbanVN RP-40,Outdoor,Activewear,M,purple,1070.37,1016.85,53.52,0.05
1966,UrbanVN RP-41,Outdoor,Activewear,L,green,2939.73,1892.01,1047.72,0.3564
1967,UrbanVN RP-42,Outdoor,Activewear,XL,silver,2939.73,2792.74,146.99,0.05
1968,UrbanVN RP-43,Outdoor,Activewear,S,pink,2865.87,2722.58,143.29,0.05
1969,UrbanVN RP-44,Outdoor,Activewear,M,yellow,2865.87,2094.66,771.21,0.2691
1970,UrbanVN RP-45,Outdoor,Activewear,L,red,35.61,20.09,15.52,0.4358
1971,UrbanVN RP-46,Outdoor,Activewear,XL,black,36.57,20.22,16.35,0.4471
1972,UrbanVN RP-47,Outdoor,Activewear,S,orange,27.56,16.0,11.56,0.4194
1973,UrbanVN RP-48,Outdoor,Activewear,M,blue,23.57,14.63,8.94,0.3793
1974,UrbanVN RP-49,Outdoor,Activewear,L,white,692.31,657.69,34.62,0.05
1975,UrbanVN RP-50,Outdoor,Activewear,XL,purple,692.31,657.69,34.62,0.05
1976,UrbanVN RP-51,Outdoor,Activewear,S,green,46.16,26.32,19.84,0.4298
1977,UrbanVN RP-52,Outdoor,Activewear,M,silver,23.51,14.52,8.99,0.3824
1978,UrbanVN RP-53,Outdoor,Activewear,L,pink,3185.16,1873.83,1311.33,0.4117
1979,UrbanVN RP-54,Outdoor,Activewear,XL,yellow,3185.16,1959.83,1225.33,0.3847
1980,UrbanVN RP-55,Outdoor,Activewear,S,red,2026.08,1593.31,432.77,0.2136
1981,UrbanVN RP-56,Outdoor,Activewear,M,black,2026.08,1031.07,995.01,0.4911
2108,PhoenixWear RP-01,Outdoor,Activewear,S,pink,34.08,22.05,12.03,0.353
2109,PhoenixWear RP-02,Outdoor,Activewear,M,yellow,27.36,15.3,12.06,0.4408
1309,VietMode RP-01,Outdoor,Activewear,M,yellow,3195.99,3036.19,159.8,0.05
1310,VietMode RP-02,Outdoor,Activewear,L,red,3195.99,1813.72,1382.27,0.4325
1311,VietMode RP-03,Outdoor,Activewear,XL,black,40.11,24.76,15.35,0.3827
1312,VietMode RP-04,Outdoor,Activewear,S,orange,37.84,22.49,15.35,0.4057
1313,VietMode RP-05,Outdoor,Activewear,M,blue,3630.63,2266.97,1363.66,0.3756
1314,VietMode RP-06,Outdoor,Activewear,L,white,3630.63,3449.1,181.53,0.05
1315,VietMode RP-07,Outdoor,Activewear,XL,purple,4409.28,2546.8,1862.48,0.4224
1316,VietMode RP-08,Outdoor,Activewear,S,green,4409.28,4104.16,305.12,0.0692
1317,VietMode RP-09,Outdoor,Activewear,M,silver,3944.04,3586.71,357.33,0.0906
1318,VietMode RP-10,Outdoor,Activewear,L,pink,3944.04,2028.02,1916.02,0.4858
1319,VietMode RP-11,Outdoor,Activewear,XL,yellow,4481.56,2574.21,1907.35,0.4256
1320,VietMode RP-12,Outdoor,Activewear,S,red,4481.56,4257.48,224.08,0.05
1321,VietMode RP-13,Outdoor,Activewear,M,black,50.15,31.94,18.21,0.3631
1322,VietMode RP-14,Outdoor,Activewear,L,orange,27.0,15.33,11.67,0.4322
1323,VietMode RP-15,Outdoor,Activewear,XL,blue,29.73,18.41,11.32,0.3808
1324,VietMode RP-16,Outdoor,Activewear,S,white,22.39,14.19,8.2,0.3662
1325,VietMode RP-17,Outdoor,Activewear,M,purple,4781.39,2627.85,2153.54,0.4504
1326,VietMode RP-18,Outdoor,Activewear,L,green,4781.39,4542.32,239.07,0.05
1327,VietMode RP-19,Outdoor,Activewear,XL,silver,27.72,17.87,9.85,0.3553
1328,VietMode RP-20,Outdoor,Activewear,S,pink,38.51,23.81,14.7,0.3817
1329,VietMode RP-21,Outdoor,Activewear,M,yellow,1652.26,1569.65,82.61,0.05
1330,VietMode RP-22,Outdoor,Activewear,L,red,1652.26,846.62,805.64,0.4876
1331,VietMode RP-23,Outdoor,Activewear,XL,black,5140.9,4883.86,257.04,0.05
1332,VietMode RP-24,Outdoor,Activewear,S,orange,5140.9,2764.78,2376.12,0.4622
1333,VietMode RP-25,Outdoor,Activewear,M,blue,44.83,26.88,17.95,0.4004
1334,VietMode RP-26,Outdoor,Activewear,L,white,22.9,14.01,8.89,0.3882
1335,VietMode RP-27,Outdoor,Activewear,XL,purple,4912.74,3845.69,1067.05,0.2172
1336,VietMode RP-28,Outdoor,Activewear,S,green,4912.74,4197.94,714.8,0.1455
1337,VietMode RP-29,Outdoor,Activewear,M,silver,46.89,29.86,17.03,0.3632
1338,VietMode RP-30,Outdoor,Activewear,L,pink,56.95,34.57,22.38,0.393
1339,VietMode RP-31,Outdoor,Activewear,XL,yellow,2933.64,1483.54,1450.1,0.4943
1340,VietMode RP-32,Outdoor,Activewear,S,red,2933.64,2571.34,362.3,0.1235
1341,VietMode RP-33,Outdoor,Activewear,M,black,3970.81,3772.27,198.54,0.05
1342,VietMode RP-34,Outdoor,Activewear,L,orange,3970.81,3772.27,198.54,0.05
1343,VietMode RP-35,Outdoor,Activewear,XL,blue,3883.17,3069.26,813.91,0.2096
1344,VietMode RP-36,Outdoor,Activewear,S,white,3883.17,2469.31,1413.86,0.3641
1345,VietMode RP-37,Outdoor,Activewear,M,purple,3778.74,2908.87,869.87,0.2302
1346,VietMode RP-38,Outdoor,Activewear,L,green,3778.74,3499.87,278.87,0.0738
1347,VietMode RP-39,Outdoor,Activewear,XL,silver,3892.45,3697.83,194.62,0.05
1348,VietMode RP-40,Outdoor,Activewear,S,pink,3892.45,3079.71,812.74,0.2088
1349,VietMode RP-41,Outdoor,Activewear,M,yellow,4740.95,4172.51,568.44,0.1199
1350,VietMode RP-42,Outdoor,Activewear,L,red,4740.95,4503.9,237.05,0.05
1351,VietMode RP-43,Outdoor,Activewear,XL,black,3944.34,3610.25,334.09,0.0847
1352,VietMode RP-44,Outdoor,Activewear,S,orange,3944.34,3006.77,937.57,0.2377
1353,VietMode RP-45,Outdoor,Activewear,M,blue,4440.24,3652.1,788.14,0.1775
1354,VietMode RP-46,Outdoor,Activewear,L,white,4440.24,2478.54,1961.7,0.4418
1355,VietMode RP-47,Outdoor,Activewear,XL,purple,39.07,21.61,17.46,0.4469
1356,VietMode RP-48,Outdoor,Activewear,S,green,70.16,45.12,25.04,0.3569
1357,VietMode RP-49,Outdoor,Activewear,M,silver,6070.52,3428.63,2641.89,0.4352
1358,VietMode RP-50,Outdoor,Activewear,L,pink,6070.52,5023.35,1047.17,0.1725
1359,VietMode RP-51,Outdoor,Activewear,XL,yellow,4629.24,2730.79,1898.45,0.4101
1360,VietMode RP-52,Outdoor,Activewear,S,red,4629.24,4397.78,231.46,0.05
1361,VietMode RP-53,Outdoor,Activewear,M,black,4524.5,2532.36,1992.14,0.4403
1362,VietMode RP-54,Outdoor,Activewear,L,orange,4524.5,4298.28,226.22,0.05
1363,VietMode RP-55,Outdoor,Activewear,XL,blue,2455.74,2220.97,234.77,0.0956
1364,VietMode RP-56,Outdoor,Activewear,S,white,2455.74,1855.31,600.43,0.2445
1365,VietMode RP-57,Outdoor,Activewear,M,purple,24.3,15.04,9.26,0.3811
1366,VietMode RP-58,Outdoor,Activewear,L,green,20.13,12.43,7.7,0.3825
1367,VietMode RP-59,Outdoor,Activewear,XL,silver,16.26,9.29,6.97,0.4287
1368,VietMode RP-60,Outdoor,Activewear,S,pink,60.24,37.1,23.14,0.3841
1369,VietMode RP-61,Outdoor,Activewear,M,yellow,5983.85,5684.66,299.19,0.05
1370,VietMode RP-62,Outdoor,Activewear,L,red,5983.85,3805.73,2178.12,0.364
1371,VietMode RP-63,Outdoor,Activewear,XL,black,43.02,25.36,17.66,0.4105
1372,VietMode RP-64,Outdoor,Activewear,S,orange,32.39,19.92,12.47,0.385
1373,VietMode RP-65,Outdoor,Activewear,M,blue,3841.74,3307.74,534.0,0.139
1374,VietMode RP-66,Outdoor,Activewear,L,white,3841.74,3561.68,280.06,0.0729
1375,VietMode RP-67,Outdoor,Activewear,XL,purple,5807.17,5516.81,290.36,0.05
1376,VietMode RP-68,Outdoor,Activewear,S,green,5807.17,3354.22,2452.95,0.4224
1377,VietMode RP-69,Outdoor,Activewear,M,silver,37.04,20.77,16.27,0.4393
1378,VietMode RP-70,Outdoor,Activewear,L,pink,21.11,13.0,8.11,0.3842
1379,VietMode RP-71,Outdoor,Activewear,XL,yellow,3967.74,3426.54,541.2,0.1364
1380,VietMode RP-72,Outdoor,Activewear,S,red,3967.74,3769.35,198.39,0.05
1381,VietMode RP-73,Outdoor,Activewear,M,black,4473.84,4250.15,223.69,0.05
1382,VietMode RP-74,Outdoor,Activewear,L,orange,4473.84,2538.9,1934.94,0.4325
1383,VietMode RP-75,Outdoor,Activewear,XL,blue,4080.62,2290.04,1790.58,0.4388
1384,VietMode RP-76,Outdoor,Activewear,S,white,4080.62,3104.12,976.5,0.2393
1385,VietMode RP-77,Outdoor,Activewear,M,purple,4156.74,2845.29,1311.45,0.3155
1386,VietMode RP-78,Outdoor,Activewear,L,green,4156.74,3322.48,834.26,0.2007
1387,VietMode RP-79,Outdoor,Activewear,XL,silver,4471.74,4248.15,223.59,0.05
1388,VietMode RP-80,Outdoor,Activewear,S,pink,4471.74,4248.15,223.59,0.05
1389,VietMode RP-81,Outdoor,Activewear,M,yellow,4912.74,3875.17,1037.57,0.2112
1390,VietMode RP-82,Outdoor,Activewear,L,red,4912.74,3997.01,915.73,0.1864
1391,VietMode RP-83,Outdoor,Activewear,XL,black,2068.32,1416.8,651.52,0.315
1392,VietMode RP-84,Outdoor,Activewear,S,orange,2068.32,1296.42,771.9,0.3732
1393,VietMode RP-85,Outdoor,Activewear,M,blue,4564.07,2666.33,1897.74,0.4158
1394,VietMode RP-86,Outdoor,Activewear,L,white,4564.07,3732.95,831.12,0.1821
1395,VietMode RP-87,Outdoor,Activewear,XL,purple,4629.24,3204.36,1424.88,0.3078
1396,VietMode RP-88,Outdoor,Activewear,S,green,4629.24,2849.3,1779.94,0.3845
1397,VietMode RP-89,Outdoor,Activewear,M,silver,4178.16,3969.25,208.91,0.05
1398,VietMode RP-90,Outdoor,Activewear,L,pink,4178.16,3876.5,301.66,0.0722
1399,VietMode RP-91,Outdoor,Activewear,XL,yellow,88.08,57.25,30.83,0.35
1400,VietMode RP-92,Outdoor,Activewear,S,red,34.87,19.35,15.52,0.4451
1401,VietMode RP-93,Outdoor,Activewear,M,black,4771.62,3444.16,1327.46,0.2782
1402,VietMode RP-94,Outdoor,Activewear,L,orange,4771.62,4533.04,238.58,0.05
1403,VietMode RP-95,Outdoor,Activewear,XL,blue,34.6,22.41,12.19,0.3523
1404,VietMode RP-96,Outdoor,Activewear,S,white,44.27,26.15,18.12,0.4093
1405,VietMode RP-97,Outdoor,Activewear,M,purple,4692.24,4457.63,234.61,0.05
1406,VietMode RP-98,Outdoor,Activewear,L,green,4692.24,2373.8,2318.44,0.4941
1407,VietMode RP-99,Outdoor,Activewear,XL,silver,5076.21,4041.17,1035.04,0.2039
1408,VietMode RP-00,Outdoor,Activewear,S,pink,5076.21,4212.24,863.97,0.1702
1409,VietMode RP-01,Outdoor,Activewear,M,yellow,1233.54,878.03,355.51,0.2882
1410,VietMode RP-02,Outdoor,Activewear,L,red,1233.54,706.94,526.6,0.4269
1411,VietMode RP-03,Outdoor,Activewear,XL,black,3054.87,2843.78,211.09,0.0691
1412,VietMode RP-04,Outdoor,Activewear,S,orange,3054.87,1714.09,1340.78,0.4389
1413,VietMode RP-05,Outdoor,Activewear,M,blue,4678.33,4099.62,578.71,0.1237
1414,VietMode RP-06,Outdoor,Activewear,L,white,4678.33,4444.42,233.91,0.05
1415,VietMode RP-07,Outdoor,Activewear,XL,purple,5668.74,3382.54,2286.2,0.4033
1416,VietMode RP-08,Outdoor,Activewear,S,green,5668.74,4769.68,899.06,0.1586
1417,VietMode RP-09,Outdoor,Activewear,M,silver,3778.74,1940.76,1837.98,0.4864
1418,VietMode RP-10,Outdoor,Activewear,L,pink,3778.74,2748.28,1030.46,0.2727
1419,VietMode RP-11,Outdoor,Activewear,XL,yellow,5669.15,4481.46,1187.69,0.2095
1420,VietMode RP-12,Outdoor,Activewear,S,red,5669.15,5128.31,540.84,0.0954
1421,VietMode RP-13,Outdoor,Activewear,M,black,5164.74,3993.89,1170.85,0.2267
1422,VietMode RP-14,Outdoor,Activewear,L,orange,5164.74,3624.1,1540.64,0.2983
1423,VietMode RP-15,Outdoor,Activewear,XL,blue,4409.37,3329.52,1079.85,0.2449
1424,VietMode RP-16,Outdoor,Activewear,S,white,4409.37,4188.9,220.47,0.05
1425,VietMode RP-17,Outdoor,Activewear,M,purple,3680.24,2233.54,1446.7,0.3931
1426,VietMode RP-18,Outdoor,Activewear,L,green,3680.24,1877.29,1802.95,0.4899
1427,VietMode RP-19,Outdoor,Activewear,XL,silver,40.14,25.57,14.57,0.363
1428,VietMode RP-20,Outdoor,Activewear,S,pink,36.22,22.75,13.47,0.3719
1429,VietMode RP-21,Outdoor,Activewear,M,yellow,3603.83,2048.42,1555.41,0.4316
1430,VietMode RP-22,Outdoor,Activewear,L,red,3603.83,2923.07,680.76,0.1889
1431,VietMode RP-23,Outdoor,Activewear,XL,black,4093.74,2673.21,1420.53,0.347
1432,VietMode RP-24,Outdoor,Activewear,S,orange,4093.74,3889.05,204.69,0.05
1433,VietMode RP-25,Outdoor,Activewear,M,blue,4346.33,4129.01,217.32,0.05
1434,VietMode RP-26,Outdoor,Activewear,L,white,4346.33,2982.89,1363.44,0.3137
1435,VietMode RP-27,Outdoor,Activewear,XL,purple,4004.84,3125.38,879.46,0.2196
1436,VietMode RP-28,Outdoor,Activewear,S,green,4004.84,2924.74,1080.1,0.2697
1437,VietMode RP-29,Outdoor,Activewear,M,silver,24.14,14.64,9.5,0.3935
1438,VietMode RP-30,Outdoor,Activewear,L,pink,39.99,24.95,15.04,0.3761
1439,VietMode RP-31,Outdoor,Activewear,XL,yellow,4425.07,2278.91,2146.16,0.485
1440,VietMode RP-32,Outdoor,Activewear,S,red,4425.07,4203.82,221.25,0.05
1441,VietMode RP-33,Outdoor,Activewear,M,black,5598.43,3174.87,2423.56,0.4329
1442,VietMode RP-34,Outdoor,Activewear,L,orange,5598.43,3566.2,2032.23,0.363
1443,VietMode RP-35,Outdoor,Activewear,XL,blue,1348.78,1048.81,299.97,0.2224
1444,VietMode RP-36,Outdoor,Activewear,S,white,1348.78,1281.34,67.44,0.05
1445,VietMode RP-37,Outdoor,Activewear,M,purple,70.3,44.84,25.46,0.3622
1446,VietMode RP-38,Outdoor,Activewear,L,green,56.72,33.49,23.23,0.4096
1447,VietMode RP-39,Outdoor,Activewear,XL,silver,1699.74,1614.75,84.99,0.05
1448,VietMode RP-40,Outdoor,Activewear,S,pink,1699.74,1242.51,457.23,0.269
1449,VietMode RP-41,Outdoor,Activewear,M,yellow,1802.12,1575.77,226.35,0.1256
1450,VietMode RP-42,Outdoor,Activewear,L,red,1802.12,1309.06,493.06,0.2736
1451,VietMode RP-43,Outdoor,Activewear,XL,black,4603.8,4373.61,230.19,0.05
1452,VietMode RP-44,Outdoor,Activewear,S,orange,4603.8,4373.61,230.19,0.05
1453,VietMode RP-45,Outdoor,Activewear,M,blue,4981.02,3912.59,1068.43,0.2145
1454,VietMode RP-46,Outdoor,Activewear,L,white,4981.02,4693.12,287.9,0.0578
1455,VietMode RP-47,Outdoor,Activewear,XL,purple,62.63,36.5,26.13,0.4172
1456,VietMode RP-48,Outdoor,Activewear,S,green,26.99,16.65,10.34,0.3831
1457,VietMode RP-49,Outdoor,Activewear,M,silver,4912.74,4167.97,744.77,0.1516
1458,VietMode RP-50,Outdoor,Activewear,L,pink,4912.74,4573.27,339.47,0.0691
1459,VietMode RP-51,Outdoor,Activewear,XL,yellow,5669.05,4710.98,958.07,0.169
1460,VietMode RP-52,Outdoor,Activewear,S,red,5669.05,3895.21,1773.84,0.3129
1461,VietMode RP-53,Outdoor,Activewear,M,black,22.29,14.06,8.23,0.3692
1462,VietMode RP-54,Outdoor,Activewear,L,orange,31.49,19.72,11.77,0.3738
1463,VietMode RP-55,Outdoor,Activewear,XL,blue,3275.37,2244.28,1031.09,0.3148
1464,VietMode RP-56,Outdoor,Activewear,S,white,3275.37,2097.87,1177.5,0.3595
1465,VietMode RP-57,Outdoor,Activewear,M,purple,2802.24,1672.1,1130.14,0.4033
1466,VietMode RP-58,Outdoor,Activewear,L,green,2802.24,1524.14,1278.1,0.4561
1467,VietMode RP-59,Outdoor,Activewear,XL,silver,5448.87,5056.55,392.32,0.072
1468,VietMode RP-60,Outdoor,Activewear,S,pink,5448.87,2760.94,2687.93,0.4933
1469,VietMode RP-61,Outdoor,Activewear,M,yellow,5963.99,4995.44,968.55,0.1624
1470,VietMode RP-62,Outdoor,Activewear,L,red,5963.99,5665.79,298.2,0.05
1471,VietMode RP-63,Outdoor,Activewear,XL,black,3202.95,2458.9,744.05,0.2323
1472,VietMode RP-64,Outdoor,Activewear,S,orange,3202.95,2647.24,555.71,0.1735
1473,VietMode RP-65,Outdoor,Activewear,M,blue,4111.74,2674.69,1437.05,0.3495
1474,VietMode RP-66,Outdoor,Activewear,L,white,4111.74,3319.0,792.74,0.1928
1475,VietMode RP-67,Outdoor,Activewear,XL,purple,33.86,21.33,12.53,0.3701
1476,VietMode RP-68,Outdoor,Activewear,S,green,51.3,30.45,20.85,0.4064
1477,VietMode RP-69,Outdoor,Activewear,M,silver,4030.74,2267.69,1763.05,0.4374
1478,VietMode RP-70,Outdoor,Activewear,L,pink,4030.74,3829.2,201.54,0.05
1479,VietMode RP-71,Outdoor,Activewear,XL,yellow,4469.57,2982.54,1487.03,0.3327
1480,VietMode RP-72,Outdoor,Activewear,S,red,4469.57,3598.0,871.57,0.195
1481,VietMode RP-73,Outdoor,Activewear,M,black,5051.44,4798.87,252.57,0.05
1482,VietMode RP-74,Outdoor,Activewear,L,orange,5051.44,3821.92,1229.52,0.2434
1483,VietMode RP-75,Outdoor,Activewear,XL,blue,984.43,641.55,342.88,0.3483
1484,VietMode RP-76,Outdoor,Activewear,S,white,984.43,935.21,49.22,0.05
1485,VietMode RP-77,Outdoor,Activewear,M,purple,4230.24,2410.81,1819.43,0.4301
1486,VietMode RP-78,Outdoor,Activewear,L,green,4230.24,4018.73,211.51,0.05
1487,VietMode RP-79,Outdoor,Activewear,XL,silver,6219.41,5908.44,310.97,0.05
1488,VietMode RP-80,Outdoor,Activewear,S,pink,6219.41,5736.16,483.25,0.0777
1489,VietMode RP-81,Outdoor,Activewear,M,yellow,3248.55,2722.28,526.27,0.162
1490,VietMode RP-82,Outdoor,Activewear,L,red,3248.55,3086.12,162.43,0.05
1491,VietMode RP-83,Outdoor,Activewear,XL,black,3652.74,2082.06,1570.68,0.43
1492,VietMode RP-84,Outdoor,Activewear,S,orange,3652.74,2041.52,1611.22,0.4411
1493,VietMode RP-85,Outdoor,Activewear,M,blue,4610.89,3650.9,959.99,0.2082
1494,VietMode RP-86,Outdoor,Activewear,L,white,4610.89,2685.84,1925.05,0.4175
1495,VietMode RP-87,Outdoor,Activewear,XL,purple,4625.34,4394.07,231.27,0.05
1496,VietMode RP-88,Outdoor,Activewear,S,green,4625.34,2817.29,1808.05,0.3909
1497,VietMode RP-89,Outdoor,Activewear,M,silver,5669.37,5385.9,283.47,0.05
1498,VietMode RP-90,Outdoor,Activewear,L,pink,5669.37,3994.07,1675.3,0.2955
1499,VietMode RP-91,Outdoor,Activewear,XL,yellow,16.83,10.63,6.2,0.3684
1500,VietMode RP-92,Outdoor,Activewear,S,red,61.06,34.32,26.74,0.4379
1501,VietMode RP-93,Outdoor,Activewear,M,black,4400.34,3290.13,1110.21,0.2523
1502,VietMode RP-94,Outdoor,Activewear,L,orange,4400.34,2938.11,1462.23,0.3323
1503,VietMode RP-95,Outdoor,Activewear,XL,blue,4245.68,3343.9,901.78,0.2124
1504,VietMode RP-96,Outdoor,Activewear,S,white,4245.68,3142.65,1103.03,0.2598
1505,VietMode RP-97,Outdoor,Activewear,M,purple,31.09,18.79,12.3,0.3956
1506,VietMode RP-98,Outdoor,Activewear,L,green,27.92,15.37,12.55,0.4495
1507,VietMode RP-99,Outdoor,Activewear,XL,silver,1537.09,860.31,676.78,0.4403
1508,VietMode RP-00,Outdoor,Activewear,S,pink,1537.09,1460.23,76.86,0.05
1509,VietMode RP-01,Outdoor,Activewear,M,yellow,22.09,12.87,9.22,0.4174
1510,VietMode RP-02,Outdoor,Activewear,L,red,17.08,10.02,7.06,0.4133
1511,VietMode RP-03,Outdoor,Activewear,XL,black,4566.24,4337.93,228.31,0.05
1512,VietMode RP-04,Outdoor,Activewear,S,orange,4566.24,3794.55,771.69,0.169
1513,VietMode RP-05,Outdoor,Activewear,M,blue,4848.65,2439.36,2409.29,0.4969
1514,VietMode RP-06,Outdoor,Activewear,L,white,4848.65,4606.22,242.43,0.05
1515,VietMode RP-07,Outdoor,Activewear,XL,purple,46.03,27.14,18.89,0.4104
1516,VietMode RP-08,Outdoor,Activewear,S,green,34.1,21.13,12.97,0.3804
1517,VietMode RP-09,Outdoor,Activewear,M,silver,2317.9,1762.07,555.83,0.2398
1518,VietMode RP-10,Outdoor,Activewear,L,pink,2317.9,2173.26,144.64,0.0624
1519,VietMode RP-11,Outdoor,Activewear,XL,yellow,2622.89,2278.5,344.39,0.1313
1520,VietMode RP-12,Outdoor,Activewear,S,red,2622.89,2491.75,131.14,0.05
1521,VietMode RP-13,Outdoor,Activewear,M,black,6298.74,4021.75,2276.99,0.3615
1522,VietMode RP-14,Outdoor,Activewear,L,orange,6298.74,5983.8,314.94,0.05
1523,VietMode RP-15,Outdoor,Activewear,XL,blue,4011.27,3810.71,200.56,0.05
1524,VietMode RP-16,Outdoor,Activewear,S,white,4011.27,2500.23,1511.04,0.3767
1525,VietMode RP-17,Outdoor,Activewear,M,purple,19.77,11.64,8.13,0.4112
1526,VietMode RP-18,Outdoor,Activewear,L,green,19.73,11.73,8.0,0.4055
1527,VietMode RP-19,Outdoor,Activewear,XL,silver,4448.67,4226.23,222.44,0.05
1528,VietMode RP-20,Outdoor,Activewear,S,pink,4448.67,3015.75,1432.92,0.3221
1529,VietMode RP-21,Outdoor,Activewear,M,yellow,4668.84,4435.4,233.44,0.05
1530,VietMode RP-22,Outdoor,Activewear,L,red,4668.84,3285.46,1383.38,0.2963
1531,VietMode RP-23,Outdoor,Activewear,XL,black,5354.37,2882.26,2472.11,0.4617
1532,VietMode RP-24,Outdoor,Activewear,S,orange,5354.37,5086.65,267.72,0.05
1533,VietMode RP-25,Outdoor,Activewear,M,blue,28.95,16.61,12.34,0.4263
1534,VietMode RP-26,Outdoor,Activewear,L,white,64.56,37.92,26.64,0.4126
1535,VietMode RP-27,Outdoor,Activewear,XL,purple,29.85,17.1,12.75,0.4271
1536,VietMode RP-28,Outdoor,Activewear,S,green,18.15,10.12,8.03,0.4424
1537,VietMode RP-29,Outdoor,Activewear,M,silver,30.02,18.32,11.7,0.3897
1538,VietMode RP-30,Outdoor,Activewear,L,pink,29.69,18.32,11.37,0.383
1539,VietMode RP-31,Outdoor,Activewear,XL,yellow,4534.74,4308.0,226.74,0.05
1540,VietMode RP-32,Outdoor,Activewear,S,red,4534.74,2815.62,1719.12,0.3791
1541,VietMode RP-33,Outdoor,Activewear,M,black,4865.72,4089.64,776.08,0.1595
1542,VietMode RP-34,Outdoor,Activewear,L,orange,4865.72,4294.0,571.72,0.1175
1543,VietMode RP-35,Outdoor,Activewear,XL,blue,4093.74,2254.01,1839.73,0.4494
1544,VietMode RP-36,Outdoor,Activewear,S,white,4093.74,3134.58,959.16,0.2343
1545,VietMode RP-37,Outdoor,Activewear,M,purple,4695.1,2763.54,1931.56,0.4114
1546,VietMode RP-38,Outdoor,Activewear,L,green,4695.1,3569.69,1125.41,0.2397
1547,VietMode RP-39,Outdoor,Activewear,XL,silver,4241.65,3226.63,1015.02,0.2393
1548,VietMode RP-40,Outdoor,Activewear,S,pink,4241.65,3493.0,748.65,0.1765
1549,VietMode RP-41,Outdoor,Activewear,M,yellow,5038.74,4786.8,251.94,0.05
1550,VietMode RP-42,Outdoor,Activewear,L,red,5038.74,2568.25,2470.49,0.4903
1551,VietMode RP-43,Outdoor,Activewear,XL,black,5038.74,4786.8,251.94,0.05
1552,VietMode RP-44,Outdoor,Activewear,S,orange,5038.74,4378.16,660.58,0.1311
1553,VietMode RP-45,Outdoor,Activewear,M,blue,11.26,6.89,4.37,0.3881
1554,VietMode RP-46,Outdoor,Activewear,L,white,32.4,19.32,13.08,0.4037
1555,VietMode RP-47,Outdoor,Activewear,XL,purple,3716.37,2789.88,926.49,0.2493
1556,VietMode RP-48,Outdoor,Activewear,S,green,3716.37,3061.17,655.2,0.1763
1557,VietMode RP-49,Outdoor,Activewear,M,silver,5479.74,3912.53,1567.21,0.286
1558,VietMode RP-50,Outdoor,Activewear,L,pink,5479.74,5205.75,273.99,0.05
1559,VietMode RP-51,Outdoor,Activewear,XL,yellow,4556.32,4328.51,227.81,0.05
1560,VietMode RP-52,Outdoor,Activewear,S,red,4556.32,3423.17,1133.15,0.2487
1561,VietMode RP-53,Outdoor,Activewear,M,black,4970.07,4721.57,248.5,0.05
1562,VietMode RP-54,Outdoor,Activewear,L,orange,4970.07,2879.66,2090.41,0.4206
1233,VietMode MP-01,Casual,Activewear,M,blue,30.19,17.75,12.44,0.4121
1234,VietMode MP-02,Casual,Activewear,L,white,43.75,27.84,15.91,0.3637
1235,VietMode MP-03,Casual,Activewear,XL,purple,5794.74,5505.0,289.74,0.05
1236,VietMode MP-04,Casual,Activewear,S,green,5794.74,4156.57,1638.17,0.2827
1237,VietMode MP-05,Casual,Activewear,M,silver,69.38,41.76,27.62,0.3981
1238,VietMode MP-06,Casual,Activewear,L,pink,51.97,31.07,20.9,0.4022
1239,VietMode MP-07,Casual,Activewear,XL,yellow,5669.37,3362.5,2306.87,0.4069
1240,VietMode MP-08,Casual,Activewear,S,red,5669.37,5385.9,283.47,0.05
1241,VietMode MP-09,Casual,Activewear,M,black,4786.74,4467.94,318.8,0.0666
1242,VietMode MP-10,Casual,Activewear,L,orange,4786.74,3972.52,814.22,0.1701
1243,VietMode MP-11,Casual,Activewear,XL,blue,5794.74,3022.54,2772.2,0.4784
1244,VietMode MP-12,Casual,Activewear,S,white,5794.74,4177.43,1617.31,0.2791
1245,VietMode MP-13,Casual,Activewear,M,purple,6110.37,3479.86,2630.51,0.4305
1246,VietMode MP-14,Casual,Activewear,L,green,6110.37,4080.51,2029.86,0.3322
1247,VietMode MP-15,Casual,Activewear,XL,silver,5983.74,5684.55,299.19,0.05
1248,VietMode MP-16,Casual,Activewear,S,pink,5983.74,4605.68,1378.06,0.2303
1249,VietMode MP-17,Casual,Activewear,M,yellow,4976.37,3661.61,1314.76,0.2642
1250,VietMode MP-18,Casual,Activewear,L,red,4976.37,3635.74,1340.63,0.2694
1251,VietMode MP-19,Casual,Activewear,XL,black,5164.74,3167.02,1997.72,0.3868
1252,VietMode MP-20,Casual,Activewear,S,orange,5164.74,2973.86,2190.88,0.4242
1253,VietMode MP-21,Casual,Activewear,M,blue,5353.74,4589.23,764.51,0.1428
1254,VietMode MP-22,Casual,Activewear,L,white,5353.74,5086.05,267.69,0.05
1255,VietMode MP-23,Casual,Activewear,XL,purple,29.74,16.43,13.31,0.4475
1256,VietMode MP-24,Casual,Activewear,S,green,21.27,12.43,8.84,0.4156
1257,VietMode MP-25,Casual,Activewear,M,silver,92.7,54.51,38.19,0.412
1258,VietMode MP-26,Casual,Activewear,L,pink,33.91,20.0,13.91,0.4102
1259,VietMode MP-27,Casual,Activewear,XL,yellow,4603.34,2585.24,2018.1,0.4384
1260,VietMode MP-28,Casual,Activewear,S,red,4603.34,2553.93,2049.41,0.4452
1261,VietMode MP-29,Casual,Activewear,M,black,5983.88,4653.66,1330.22,0.2223
1262,VietMode MP-30,Casual,Activewear,L,orange,5983.88,5684.68,299.2,0.05
1263,VietMode MP-31,Casual,Activewear,XL,blue,5984.37,5685.15,299.22,0.05
1264,VietMode MP-32,Casual,Activewear,S,white,5984.37,3719.88,2264.49,0.3784
